filename,score
IMG20240119122411.jpg,9.0
IMG_20240122_094613.jpg,7.0
IMG_20240125_130745.jpg,6.0
IMG20240124122134.jpg,6.0
1000212430.jpg,9.0
IMG20240123095309.jpg,6.0
IMG_20240125_135444.jpg,5.0
IMG20240127104011.jpg,5.0
IMG20240126100339.jpg,6.0
IMG20240123142916.jpg,6.0
IMG20240121122353.jpg,7.0
IMG20240124122132.jpg,6.0
IMG_20240122_120006.jpg,7.0
IMG_20240122_145636.jpg,7.0
IMG20240121100336.jpg,8.0
IMG_20240125_112527.jpg,6.0
IMG_20240125_102643.jpg,6.0
IMG20240121115215.jpg,8.0
IMG_20240128_144216.jpg,3.0
IMG20240120130445.jpg,8.0
IMG_20240122_115907.jpg,7.0
IMG20240124143133.jpg,6.0
IMG_20240128_094703.jpg,2.0
IMG_20240122_154322.jpg,7.0
IMG20240124101710.jpg,6.0
IMG20240129092521.jpg,4.0
IMG_20240128_123319.jpg,3.0
IMG20240129124030.jpg,2.0
IMG20240126142419.jpg,4.0
IMG_20240128_100408.jpg,3.0
IMG20240126144254.jpg,5.0
IMG20240129112027.jpg,4.0
IMG20240120110931.jpg,9.0
IMG_20240128_140145.jpg,4.0
IMG_20240128_091844.jpg,4.0
IMG20240129122521.jpg,2.0
IMG_20240125_135527.jpg,5.0
IMG20240123115606.jpg,6.0
IMG20240126101940.jpg,4.0
IMG20240119160102.jpg,9.0
IMG20240126092636.jpg,4.0
IMG_20240125_094618.jpg,5.0
IMG20240123091116.jpg,7.0
IMG_20240122_145432.jpg,7.0
IMG20240119115920.jpg,9.0
IMG20240124115542.jpg,6.0
IMG20240124091817.jpg,6.0
IMG_20240125_110752.jpg,5.0
IMG20240120145915.jpg,8.0
IMG20240121144600.jpg,7.0
IMG_20240122_094732.jpg,7.0
IMG20240120145803.jpg,8.0
IMG20240126114455.jpg,5.0
IMG_20240128_102709.jpg,4.0
IMG_20240125_135600.jpg,5.0
IMG_20240122_154519.jpg,7.0
IMG_20240122_094514.jpg,7.0
IMG_20240128_102616.jpg,4.0
1000212449.jpg,9.0
IMG_20240122_153041.jpg,7.0
IMG_20240125_102829.jpg,6.0
IMG20240119122055.jpg,9.0
IMG_20240122_144939.jpg,7.0
IMG_20240122_115412.jpg,7.0
IMG_20240128_105445.jpg,2.0
IMG_20240128_100329.jpg,3.0
IMG20240120130335.jpg,8.0
IMG20240123114130.jpg,6.0
IMG_20240128_120943.jpg,2.0
IMG_20240128_142348.jpg,2.0
IMG20240127093020.jpg,5.0
IMG20240126142357.jpg,4.0
IMG20240129102116.jpg,4.0
IMG20240126090925.jpg,6.0
IMG_20240122_135754.jpg,7.0
IMG_20240125_092652.jpg,6.0
IMG_20240125_112601.jpg,6.0
IMG20240123121857.jpg,6.0
IMG20240126104917.jpg,5.0
IMG20240121091750.jpg,8.0
IMG_20240125_105005.jpg,5.0
IMG_20240128_100651.jpg,3.0
IMG_20240122_094654.jpg,7.0
IMG20240124113125.jpg,6.0
IMG20240121102917.jpg,8.0
IMG20240129122548.jpg,2.0
IMG20240121103123.jpg,8.0
IMG20240119123112.jpg,9.0
IMG20240124104251.jpg,6.0
IMG20240120110942.jpg,9.0
IMG20240121100304.jpg,8.0
IMG_20240128_105450.jpg,2.0
IMG20240123145327.jpg,6.0
IMG_20240128_144431.jpg,3.0
IMG20240120101928.jpg,8.0
IMG20240126094452.jpg,5.0
IMG_20240125_092836.jpg,6.0
IMG20240129110004.jpg,2.0
IMG20240124094837.jpg,6.0
IMG20240127101729.jpg,4.0
img20240127142414.jpg,4.0
IMG_20240125_130637.jpg,6.0
IMG20240119153932.jpg,9.0
IMG_20240128_114944.jpg,4.0
IMG20240126140343.jpg,6.0
IMG_20240122_152817.jpg,6.0
IMG_20240125_135434.jpg,5.0
IMG_20240125_110834.jpg,5.0
IMG20240127092837.jpg,5.0
IMG20240119155813.jpg,9.0
IMG20240123140112.jpg,6.0
IMG20240127141624.jpg,4.0
IMG20240124111126.jpg,6.0
IMG20240126144326.jpg,5.0
IMG20240123140140.jpg,6.0
IMG20240127143327.jpg,4.0
IMG20240121115148.jpg,8.0
IMG20240129125613.jpg,2.0
IMG_20240122_112849.jpg,7.0
IMG20240129100439.jpg,2.0
IMG20240119154002.jpg,9.0
IMG20240123140046.jpg,6.0
IMG20240119122406.jpg,9.0
IMG20240129145442.jpg,2.0
IMG_20240128_091959.jpg,4.0
IMG20240126100247.jpg,6.0
IMG20240119152135.jpg,9.0
IMG_20240122_135720.jpg,7.0
IMG20240123091041.jpg,7.0
IMG20240121091523.jpg,8.0
IMG_20240122_115812.jpg,7.0
IMG_20240122_112640.jpg,7.0
IMG20240129125620.jpg,2.0
IMG20240127143435.jpg,4.0
IMG20240126104906.jpg,5.0
IMG20240127143341.jpg,4.0
IMG20240119155808.jpg,9.0
IMG20240121141707.jpg,8.0
IMG20240121144518.jpg,7.0
IMG20240120115431.jpg,9.0
IMG20240121100112.jpg,8.0
IMG_20240128_142522.jpg,2.0
IMG20240129125552.jpg,2.0
IMG_20240128_144412.jpg,3.0
IMG20240121141438.jpg,8.0
IMG_20240125_135520.jpg,5.0
IMG_20240128_140029.jpg,4.0
IMG20240126105053.jpg,5.0
IMG20240129141229.jpg,4.0
IMG20240129122614.jpg,2.0
IMG20240129143324.jpg,2.0
IMG20240127120210.jpg,4.0
IMG20240126102117.jpg,4.0
IMG20240120113611.jpg,8.0
IMG20240127114538.jpg,5.0
IMG_20240125_114654.jpg,5.0
IMG20240129112025.jpg,4.0
IMG20240124143124.jpg,6.0
IMG20240123091157.jpg,7.0
IMG20240121141538.jpg,8.0
IMG20240123121848.jpg,6.0
IMG20240123143041.jpg,6.0
IMG20240126100233.jpg,6.0
IMG_20240122_120041.jpg,7.0
IMG20240129094349.jpg,2.0
IMG_20240128_115033.jpg,4.0
IMG20240129125739.jpg,2.0
IMG_20240128_105421.jpg,2.0
IMG20240123143002.jpg,6.0
IMG20240121094145.jpg,7.0
IMG_20240128_142316.jpg,2.0
IMG_20240125_112538.jpg,6.0
IMG20240121141616.jpg,8.0
IMG20240126112751.jpg,4.0
IMG20240126104929.jpg,5.0
IMG_20240125_130657.jpg,6.0
IMG_20240122_153114.jpg,6.0
IMG20240129145414.jpg,2.0
IMG20240127143359.jpg,4.0
IMG20240127120320.jpg,4.0
IMG20240129141024.jpg,4.0
IMG20240126114444.jpg,5.0
IMG20240121144546.jpg,7.0
IMG20240121103105.jpg,8.0
IMG_20240125_120452.jpg,5.0
IMG20240123114051.jpg,6.0
IMG20240127093013.jpg,5.0
IMG_20240125_100840.jpg,5.0
IMG20240126114627.jpg,5.0
IMG20240129092601.jpg,4.0
IMG20240119154056.jpg,9.0
IMG20240120110741.jpg,9.0
IMG_20240125_112544.jpg,6.0
IMG20240126142403.jpg,4.0
IMG20240129125634.jpg,2.0
IMG_20240125_120152.jpg,5.0
IMG20240121124715.jpg,7.0
IMG20240120101848.jpg,8.0
IMG_20240122_112817.jpg,7.0
IMG_20240122_113030.jpg,7.0
IMG20240129122527.jpg,2.0
IMG_20240125_092719.jpg,6.0
IMG20240123115618.jpg,6.0
IMG20240129141046.jpg,4.0
IMG_20240122_094458.jpg,7.0
1000212445.jpg,9.0
IMG_20240125_112547.jpg,6.0
IMG20240121141553.jpg,8.0
IMG20240124124820.jpg,6.0
IMG20240120145808.jpg,8.0
IMG20240121124825.jpg,7.0
IMG_20240122_104722.jpg,7.0
IMG20240119122011.jpg,9.0
IMG20240124141254.jpg,6.0
IMG20240129094351.jpg,2.0
IMG_20240128_094548.jpg,2.0
IMG20240124121957.jpg,6.0
IMG20240120113434.jpg,8.0
IMG20240127112230.jpg,4.0
IMG_20240122_144920.jpg,7.0
IMG20240127142403.jpg,4.0
IMG20240124104106.jpg,6.0
IMG20240129125743.jpg,2.0
IMG20240127134747.jpg,5.0
IMG20240126110938.jpg,6.0
IMG_20240122_142355.jpg,6.0
IMG20240129101956.jpg,4.0
IMG20240129122534.jpg,2.0
IMG20240123110225.jpg,6.0
IMG20240124141307.jpg,6.0
IMG_20240122_145418.jpg,7.0
IMG20240129105832.jpg,2.0
IMG20240119152228.jpg,9.0
IMG_20240128_104611.jpg,4.0
IMG_20240128_140047.jpg,4.0
IMG20240129103832.jpg,2.0
IMG20240126092627.jpg,4.0
IMG_20240122_122527.jpg,7.0
IMG20240119152013.jpg,9.0
IMG20240120144509.jpg,8.0
IMG20240124122107.jpg,6.0
IMG_20240125_132803.jpg,5.0
IMG_20240125_112623.jpg,6.0
IMG20240127141638.jpg,4.0
IMG20240127141524.jpg,4.0
IMG20240126100325.jpg,6.0
IMG20240120113437.jpg,8.0
IMG_20240128_100618.jpg,3.0
IMG20240129112011.jpg,4.0
IMG_20240125_102755.jpg,6.0
IMG20240127121939.jpg,4.0
IMG_20240128_094627.jpg,2.0
IMG20240126094551.jpg,5.0
IMG20240129125703.jpg,2.0
IMG20240124115639.jpg,6.0
IMG20240129092444.jpg,4.0
IMG20240120113450.jpg,8.0
IMG20240120144515.jpg,8.0
IMG_20240122_112726.jpg,7.0
IMG20240124124657.jpg,6.0
IMG20240121103130.jpg,8.0
IMG_20240128_102625.jpg,4.0
IMG20240123101409.jpg,7.0
IMG20240127141536.jpg,4.0
IMG20240129145334.jpg,2.0
IMG20240127142334.jpg,4.0
IMG20240121112528.jpg,8.0
IMG20240124094747.jpg,6.0
IMG_20240125_120413.jpg,5.0
IMG20240119153911.jpg,9.0
IMG20240129111950.jpg,4.0
IMG20240126090933.jpg,6.0
IMG20240124101657.jpg,6.0
IMG20240120101925.jpg,8.0
IMG_20240128_123410.jpg,3.0
IMG20240129122616.jpg,2.0
IMG_20240122_122454.jpg,7.0
IMG_20240128_094745.jpg,2.0
IMG20240126142253.jpg,4.0
IMG_20240128_100428.jpg,3.0
IMG20240129125645.jpg,2.0
IMG_20240125_120425.jpg,5.0
IMG_20240122_153119.jpg,6.0
IMG_20240128_105554.jpg,2.0
IMG20240126100307.jpg,6.0
IMG20240124115539.jpg,6.0
IMG20240123093246.jpg,6.0
IMG20240124141400.jpg,6.0
IMG_20240122_101133.jpg,7.0
IMG20240127092818.jpg,5.0
IMG_20240128_111117.jpg,3.0
IMG20240120102004.jpg,8.0
IMG20240123091046.jpg,7.0
IMG20240120151249.jpg,8.0
IMG20240124113106.jpg,6.0
1000212417.jpg,9.0
IMG_20240128_121000.jpg,2.0
IMG20240119125241.jpg,9.0
IMG20240129122633.jpg,2.0
IMG_20240122_094630.jpg,7.0
IMG20240123145108.jpg,6.0
IMG20240124101724.jpg,6.0
IMG20240121122457.jpg,7.0
IMG_20240128_102523.jpg,4.0
IMG20240127120314.jpg,4.0
IMG_20240128_091854.jpg,4.0
IMG_20240122_104602.jpg,7.0
IMG20240123115645.jpg,6.0
IMG20240127134535.jpg,5.0
IMG20240123145223.jpg,6.0
IMG_20240125_112457.jpg,6.0
IMG20240129122538.jpg,2.0
IMG20240121091539.jpg,8.0
IMG20240127095137.jpg,4.0
IMG_20240128_123518.jpg,3.0
IMG20240123115635.jpg,6.0
IMG20240120102018.jpg,8.0
IMG_20240125_102740.jpg,6.0
IMG20240121110342.jpg,7.0
IMG20240124141259.jpg,6.0
IMG20240126114510.jpg,5.0
IMG20240129102111.jpg,4.0
IMG20240120103546.jpg,9.0
1000212459.jpg,9.0
IMG20240120144657.jpg,8.0
IMG20240121112454.jpg,8.0
IMG20240129140939.jpg,4.0
IMG20240119120901.jpg,9.0
IMG20240120115523.jpg,9.0
IMG20240126110954.jpg,6.0
IMG_20240122_101202.jpg,7.0
IMG20240126112856.jpg,4.0
IMG20240127101705.jpg,4.0
IMG_20240122_094530.jpg,7.0
IMG_20240125_100904.jpg,5.0
IMG20240123145102.jpg,6.0
IMG20240124115620.jpg,6.0
IMG20240127101827.jpg,4.0
IMG20240126140403.jpg,6.0
IMG_20240128_094310.jpg,2.0
IMG20240127095203.jpg,4.0
IMG20240124150718.jpg,6.0
IMG20240120144659.jpg,8.0
IMG20240120134500.jpg,8.0
IMG_20240122_115759.jpg,7.0
IMG_20240125_135553.jpg,5.0
IMG20240123103519.jpg,6.0
IMG20240120100115.jpg,9.0
IMG20240126142239.jpg,4.0
IMG_20240128_144132.jpg,3.0
IMG20240120151244.jpg,8.0
IMG20240127142353.jpg,4.0
IMG_20240125_132651.jpg,5.0
IMG20240119154137.jpg,9.0
IMG20240126094436.jpg,5.0
IMG_20240125_114642.jpg,5.0
IMG20240119153958.jpg,9.0
IMG_20240125_105104.jpg,5.0
IMG20240123115730.jpg,6.0
IMG20240129105929.jpg,2.0
IMG20240129141014.jpg,4.0
IMG20240126105030.jpg,5.0
IMG20240127095144.jpg,4.0
IMG20240127120201.jpg,4.0
IMG_20240125_132809.jpg,5.0
IMG20240123121958.jpg,6.0
IMG_20240125_100808.jpg,5.0
IMG20240123095109.jpg,6.0
IMG20240120115443.jpg,9.0
IMG_20240128_111157.jpg,3.0
IMG20240120103438.jpg,9.0
IMG20240129100501.jpg,2.0
IMG_20240128_121035.jpg,2.0
IMG_20240122_142304.jpg,6.0
IMG20240126092623.jpg,4.0
IMG20240121122608.jpg,7.0
IMG_20240125_132817.jpg,5.0
IMG_20240125_092806.jpg,6.0
IMG20240126091022.jpg,6.0
IMG20240120113501.jpg,8.0
IMG20240126144310.jpg,5.0
IMG20240129100408.jpg,2.0
IMG20240126144232.jpg,5.0
IMG_20240125_102746.jpg,6.0
IMG20240123101527.jpg,7.0
IMG_20240122_101146.jpg,7.0
IMG_20240125_102730.jpg,6.0
IMG20240120103425.jpg,9.0
IMG20240129094330.jpg,2.0
IMG20240120134533.jpg,8.0
IMG20240124101741.jpg,6.0
IMG20240126142319.jpg,4.0
IMG20240123145118.jpg,6.0
IMG20240127143306.jpg,4.0
IMG20240129141028.jpg,4.0
IMG20240120151412.jpg,8.0
IMG20240129140917.jpg,4.0
IMG20240120103617.jpg,9.0
IMG20240127111941.jpg,4.0
IMG_20240122_145538.jpg,7.0
IMG_20240125_112508.jpg,6.0
IMG20240121100106.jpg,8.0
IMG20240120130432.jpg,8.0
IMG20240120100220.jpg,9.0
IMG_20240128_115005.jpg,4.0
IMG20240121115017.jpg,8.0
IMG_20240125_135539.jpg,5.0
IMG20240120101955.jpg,8.0
IMG20240126105008.jpg,5.0
IMG_20240125_114607.jpg,5.0
IMG_20240122_145057.jpg,7.0
IMG_20240128_111055.jpg,3.0
IMG20240120151319.jpg,8.0
IMG20240123110134.jpg,6.0
IMG20240121141624.jpg,8.0
IMG20240127101649.jpg,4.0
IMG20240121100430.jpg,8.0
IMG20240121102928.jpg,8.0
IMG_20240125_102636.jpg,6.0
IMG20240129092535.jpg,4.0
IMG20240129112004.jpg,4.0
IMG20240126140446.jpg,6.0
IMG20240126144202.jpg,5.0
IMG_20240122_145210.jpg,7.0
IMG20240127141606.jpg,4.0
IMG20240123145300.jpg,6.0
IMG20240119152232.jpg,9.0
IMG20240127092813.jpg,5.0
IMG20240124115611.jpg,6.0
IMG20240124104239.jpg,6.0
IMG20240129145402.jpg,2.0
IMG_20240125_135220.jpg,5.0
IMG_20240125_094641.jpg,5.0
IMG20240129100348.jpg,2.0
IMG_20240122_152808.jpg,6.0
IMG20240121094403.jpg,7.0
IMG20240123101450.jpg,7.0
IMG20240121122402.jpg,7.0
IMG20240120100252.jpg,9.0
IMG_20240128_092045.jpg,4.0
IMG20240119123206.jpg,9.0
IMG20240127143505.jpg,4.0
IMG20240129111948.jpg,4.0
IMG20240126144152.jpg,5.0
IMG_20240128_100348.jpg,3.0
IMG20240123093059.jpg,6.0
IMG20240121091519.jpg,8.0
IMG20240127143509.jpg,4.0
IMG20240123114041.jpg,6.0
IMG20240124113021.jpg,6.0
IMG20240121141304.jpg,8.0
IMG20240123103357.jpg,6.0
IMG20240121115457.jpg,8.0
IMG20240121122414.jpg,7.0
IMG20240124094826.jpg,6.0
IMG_20240128_144447.jpg,3.0
IMG_20240128_123237.jpg,3.0
IMG20240126104941.jpg,5.0
IMG20240121112710.jpg,8.0
IMG20240121122452.jpg,7.0
IMG20240124104154.jpg,6.0
IMG_20240122_094620.jpg,7.0
IMG20240124104209.jpg,6.0
IMG20240129143312.jpg,2.0
IMG_20240122_122227.jpg,7.0
IMG_20240122_153130.jpg,6.0
IMG20240129100451.jpg,2.0
IMG_20240122_104733.jpg,7.0
IMG_20240128_094755.jpg,2.0
IMG20240123103434.jpg,6.0
IMG_20240128_111041.jpg,3.0
IMG20240124141517.jpg,6.0
IMG20240127101813.jpg,4.0
IMG20240127122043.jpg,4.0
IMG20240127134601.jpg,5.0
IMG20240127141510.jpg,4.0
1000212428.jpg,9.0
IMG_20240128_135953.jpg,4.0
IMG20240120110836.jpg,9.0
IMG20240121110224.jpg,7.0
IMG_20240125_105126.jpg,5.0
IMG20240127095149.jpg,4.0
IMG20240123091018.jpg,7.0
IMG20240123103443.jpg,6.0
1000212454.jpg,9.0
IMG20240120134504.jpg,8.0
IMG20240124141410.jpg,6.0
IMG20240124094815.jpg,6.0
IMG20240121141420.jpg,8.0
IMG20240121100244.jpg,8.0
IMG_20240128_144356.jpg,3.0
IMG20240126112800.jpg,4.0
IMG20240126142330.jpg,4.0
IMG20240119152210.jpg,9.0
IMG20240119160057.jpg,9.0
IMG20240127101758.jpg,4.0
IMG20240123115652.jpg,6.0
IMG_20240125_114700.jpg,5.0
IMG20240126090907.jpg,6.0
IMG20240124101701.jpg,6.0
IMG20240121102849.jpg,8.0
IMG20240129094245.jpg,2.0
IMG20240126142342.jpg,4.0
IMG20240129122545.jpg,2.0
IMG20240126094432.jpg,5.0
IMG_20240128_100534.jpg,3.0
IMG20240120115350.jpg,9.0
IMG20240126103614.jpg,4.0
IMG20240129145325.jpg,2.0
IMG_20240122_135532.jpg,7.0
IMG20240126090949.jpg,6.0
IMG20240124150707.jpg,6.0
IMG20240127143454.jpg,4.0
IMG_20240128_094735.jpg,2.0
IMG_20240122_154403.jpg,7.0
IMG20240121110337.jpg,7.0
IMG20240120125159.jpg,8.0
IMG_20240128_135921.jpg,4.0
IMG20240127143240.jpg,4.0
IMG_20240122_145408.jpg,7.0
IMG20240129094236.jpg,2.0
IMG20240121091554.jpg,8.0
IMG20240127122138.jpg,4.0
IMG20240127103858.jpg,5.0
IMG20240120151234.jpg,8.0
IMG_20240122_154528.jpg,7.0
IMG_20240122_142207.jpg,6.0
IMG_20240128_120921.jpg,2.0
IMG20240127122024.jpg,4.0
IMG_20240122_104818.jpg,7.0
IMG20240120100113.jpg,9.0
IMG_20240122_122503.jpg,7.0
IMG_20240128_094634.jpg,2.0
IMG20240119125332.jpg,9.0
IMG_20240122_135520.jpg,7.0
IMG20240127122057.jpg,4.0
IMG20240126101954.jpg,4.0
IMG_20240122_101409.jpg,7.0
IMG20240120100216.jpg,9.0
IMG_20240122_142133.jpg,6.0
IMG20240123103508.jpg,6.0
IMG20240127095122.jpg,4.0
IMG20240124115551.jpg,6.0
IMG20240126104934.jpg,5.0
IMG_20240125_092828.jpg,6.0
IMG_20240125_094703.jpg,5.0
IMG20240124113207.jpg,6.0
IMG20240126110920.jpg,6.0
IMG20240127095327.jpg,4.0
IMG20240120110920.jpg,9.0
IMG20240127095056.jpg,4.0
IMG20240127112059.jpg,4.0
IMG_20240128_094727.jpg,2.0
IMG20240123091149.jpg,7.0
IMG20240129092427.jpg,4.0
IMG_20240122_145451.jpg,7.0
IMG_20240125_114558.jpg,5.0
IMG_20240122_142227.jpg,6.0
IMG_20240122_094509.jpg,7.0
IMG20240123093115.jpg,6.0
IMG20240124124823.jpg,6.0
IMG_20240122_152718.jpg,6.0
IMG_20240122_144959.jpg,7.0
IMG20240126105050.jpg,5.0
IMG_20240122_115824.jpg,7.0
IMG_20240122_135443.jpg,7.0
IMG20240123122020.jpg,6.0
IMG_20240128_100446.jpg,3.0
IMG_20240128_121117.jpg,2.0
IMG20240123121907.jpg,6.0
IMG_20240128_111139.jpg,3.0
IMG20240124091753.jpg,6.0
IMG20240123103345.jpg,6.0
IMG20240126105044.jpg,5.0
IMG20240127122039.jpg,4.0
IMG20240119154012.jpg,9.0
IMG20240124101756.jpg,6.0
IMG_20240128_091859.jpg,4.0
IMG20240124111026.jpg,6.0
IMG20240124111123.jpg,6.0
IMG_20240128_144328.jpg,3.0
IMG20240127120215.jpg,4.0
IMG20240123110115.jpg,6.0
IMG20240123114119.jpg,6.0
IMG_20240122_122422.jpg,7.0
IMG20240124094931.jpg,6.0
IMG20240129110016.jpg,2.0
IMG20240121091503.jpg,8.0
IMG20240127120223.jpg,4.0
IMG_20240125_112514.jpg,6.0
IMG20240129102020.jpg,4.0
IMG_20240128_123350.jpg,3.0
IMG_20240125_092749.jpg,6.0
IMG20240124094751.jpg,6.0
IMG20240126091002.jpg,6.0
IMG20240127103843.jpg,5.0
IMG20240127112213.jpg,4.0
IMG_20240122_104851.jpg,7.0
IMG20240124115654.jpg,6.0
IMG_20240128_140126.jpg,4.0
1000212420.jpg,9.0
1000212433.jpg,9.0
IMG20240121144549.jpg,7.0
IMG20240126091039.jpg,6.0
IMG_20240128_091802.jpg,4.0
IMG_20240122_145618.jpg,7.0
IMG20240129092545.jpg,4.0
IMG20240129111913.jpg,4.0
IMG_20240125_120447.jpg,5.0
IMG20240120100309.jpg,9.0
IMG20240124104142.jpg,6.0
IMG20240123101418.jpg,7.0
IMG20240124111038.jpg,6.0
IMG20240123110141.jpg,6.0
IMG_20240122_120032.jpg,7.0
IMG20240121124657.jpg,7.0
IMG20240126092607.jpg,4.0
IMG20240126090936.jpg,6.0
IMG_20240125_094553.jpg,5.0
IMG20240120103605.jpg,9.0
IMG20240120134658.jpg,8.0
IMG20240126140407.jpg,6.0
IMG_20240128_091940.jpg,4.0
IMG20240120145821.jpg,8.0
IMG20240126091031.jpg,6.0
IMG20240119121210.jpg,9.0
IMG20240124115623.jpg,6.0
IMG20240129143226.jpg,2.0
IMG20240127114420.jpg,5.0
IMG20240126144306.jpg,5.0
IMG20240120150006.jpg,8.0
IMG_20240122_154352.jpg,7.0
IMG20240126144208.jpg,5.0
IMG20240124141329.jpg,6.0
IMG_20240125_120214.jpg,5.0
IMG20240121124916.jpg,7.0
IMG20240126090941.jpg,6.0
IMG_20240122_144932.jpg,7.0
IMG20240126144220.jpg,5.0
IMG20240129143240.jpg,2.0
IMG_20240125_104902.jpg,5.0
IMG20240119123225.jpg,9.0
IMG20240126112847.jpg,4.0
IMG20240129092549.jpg,4.0
IMG20240120110802.jpg,9.0
IMG20240123143053.jpg,6.0
IMG20240119122445.jpg,9.0
IMG20240127114413.jpg,5.0
IMG20240121112546.jpg,8.0
IMG20240127101701.jpg,4.0
IMG20240119124451.jpg,9.0
IMG_20240122_144953.jpg,7.0
IMG20240123095144.jpg,6.0
IMG20240126104945.jpg,5.0
IMG_20240128_121040.jpg,2.0
IMG20240126094542.jpg,5.0
IMG20240120100257.jpg,9.0
IMG_20240122_115405.jpg,7.0
IMG_20240128_115039.jpg,4.0
IMG20240126140452.jpg,6.0
IMG20240126094507.jpg,5.0
IMG_20240128_121027.jpg,2.0
IMG20240126094520.jpg,5.0
IMG20240127142330.jpg,4.0
IMG_20240125_100735.jpg,5.0
IMG20240129092517.jpg,4.0
1000212422.jpg,9.0
IMG20240124104323.jpg,6.0
IMG20240127142303.jpg,4.0
IMG20240127114339.jpg,5.0
IMG20240123115610.jpg,6.0
IMG20240123103529.jpg,6.0
IMG_20240122_135739.jpg,7.0
IMG_20240128_105436.jpg,2.0
IMG20240120145832.jpg,8.0
IMG20240123143026.jpg,6.0
IMG20240119154037.jpg,9.0
IMG_20240122_104643.jpg,7.0
IMG_20240128_121015.jpg,2.0
IMG20240121115036.jpg,8.0
IMG_20240122_153147.jpg,6.0
IMG20240124094844.jpg,6.0
IMG_20240125_132940.jpg,5.0
IMG_20240125_112617.jpg,6.0
IMG20240119160024.jpg,9.0
IMG20240124094823.jpg,6.0
IMG20240127101732.jpg,4.0
IMG_20240122_115836.jpg,7.0
IMG20240129102052.jpg,4.0
IMG20240129125623.jpg,2.0
IMG20240129140904.jpg,4.0
IMG20240123140036.jpg,6.0
IMG_20240125_110806.jpg,5.0
IMG20240121144433.jpg,7.0
IMG20240127141501.jpg,4.0
IMG20240129105900.jpg,2.0
IMG_20240122_115926.jpg,7.0
IMG20240129101953.jpg,4.0
IMG20240127103940.jpg,5.0
IMG_20240122_094724.jpg,7.0
IMG_20240125_120203.jpg,5.0
IMG20240129092450.jpg,4.0
IMG20240126142414.jpg,4.0
IMG20240120115531.jpg,9.0
IMG20240120110822.jpg,9.0
IMG20240123110220.jpg,6.0
IMG20240119124758.jpg,9.0
IMG_20240128_135958.jpg,4.0
IMG20240129105911.jpg,2.0
IMG20240129103914.jpg,2.0
IMG20240124150842.jpg,6.0
IMG20240123093208.jpg,6.0
IMG20240124121947.jpg,6.0
IMG20240129105941.jpg,2.0
IMG_20240125_105041.jpg,5.0
IMG20240120131905.jpg,8.0
IMG20240126144241.jpg,5.0
IMG20240123114100.jpg,6.0
IMG20240126110849.jpg,6.0
IMG20240121091745.jpg,8.0
IMG20240127103946.jpg,5.0
IMG_20240125_132900.jpg,5.0
IMG_20240128_144142.jpg,3.0
IMG20240120151205.jpg,8.0
IMG20240127142419.jpg,4.0
IMG20240124115532.jpg,6.0
IMG20240120110758.jpg,9.0
IMG_20240128_121131.jpg,2.0
IMG20240120103549.jpg,9.0
IMG_20240122_154346.jpg,7.0
IMG_20240122_101330.jpg,7.0
IMG_20240125_102621.jpg,6.0
IMG20240127104026.jpg,5.0
IMG_20240128_114845.jpg,4.0
IMG20240123145255.jpg,6.0
IMG20240129092530.jpg,4.0
IMG20240123101457.jpg,7.0
IMG20240120131913.jpg,8.0
IMG20240121144450.jpg,7.0
IMG_20240128_123203.jpg,3.0
IMG20240124104130.jpg,6.0
IMG20240123101447.jpg,7.0
IMG20240120144706.jpg,8.0
IMG20240119124439.jpg,9.0
IMG20240126112859.jpg,4.0
IMG20240119155736.jpg,9.0
IMG20240124122049.jpg,6.0
IMG20240126144247.jpg,5.0
IMG20240129105918.jpg,2.0
IMG20240119120224.jpg,9.0
IMG20240129125653.jpg,2.0
IMG20240121122340.jpg,7.0
IMG20240123110213.jpg,6.0
IMG_20240128_100529.jpg,3.0
IMG20240121100403.jpg,8.0
IMG20240129100425.jpg,2.0
IMG_20240125_105119.jpg,5.0
IMG20240124150933.jpg,6.0
IMG20240123115746.jpg,6.0
IMG_20240128_123207.jpg,3.0
IMG_20240125_120339.jpg,5.0
IMG20240127114351.jpg,5.0
IMG_20240122_101301.jpg,7.0
IMG20240124122033.jpg,6.0
IMG20240123145206.jpg,6.0
IMG_20240122_101421.jpg,7.0
IMG20240126100316.jpg,6.0
IMG20240126094557.jpg,5.0
IMG20240126140332.jpg,6.0
IMG20240121094117.jpg,7.0
IMG20240121124819.jpg,7.0
IMG_20240128_111030.jpg,3.0
IMG_20240125_120312.jpg,5.0
IMG20240120132137.jpg,8.0
IMG20240127095219.jpg,4.0
IMG20240124111150.jpg,6.0
IMG20240123103410.jpg,6.0
IMG20240120115456.jpg,9.0
IMG20240127141613.jpg,4.0
IMG_20240125_094710.jpg,5.0
IMG20240124113056.jpg,6.0
IMG20240126092701.jpg,4.0
IMG20240124104145.jpg,6.0
IMG_20240125_102816.jpg,6.0
IMG_20240125_102810.jpg,6.0
IMG20240123140056.jpg,6.0
IMG_20240125_100845.jpg,5.0
IMG20240127095133.jpg,4.0
IMG20240126100322.jpg,6.0
IMG_20240128_144336.jpg,3.0
IMG20240127142313.jpg,4.0
IMG_20240122_135604.jpg,7.0
IMG20240124113042.jpg,6.0
IMG20240120132150.jpg,8.0
1000212423.jpg,9.0
IMG20240120110852.jpg,9.0
IMG_20240125_094716.jpg,5.0
IMG20240120132157.jpg,8.0
IMG20240126094600.jpg,5.0
IMG20240123091053.jpg,7.0
IMG_20240125_100748.jpg,5.0
IMG20240124104116.jpg,6.0
IMG20240120144547.jpg,8.0
IMG20240123142942.jpg,6.0
IMG_20240128_144207.jpg,3.0
IMG_20240125_110641.jpg,5.0
IMG20240127142309.jpg,4.0
IMG20240123115753.jpg,6.0
IMG20240126105033.jpg,5.0
IMG20240126102047.jpg,4.0
IMG20240123114044.jpg,6.0
IMG20240127103955.jpg,5.0
IMG20240124143319.jpg,6.0
IMG20240124143426.jpg,6.0
IMG20240126114617.jpg,5.0
IMG20240126112821.jpg,4.0
IMG_20240122_142332.jpg,6.0
IMG20240120134808.jpg,8.0
IMG20240129100412.jpg,2.0
IMG20240129145450.jpg,2.0
IMG20240129092527.jpg,4.0
IMG_20240122_101256.jpg,7.0
IMG_20240122_145629.jpg,7.0
IMG_20240125_104920.jpg,5.0
IMG20240129140954.jpg,4.0
IMG20240124091900.jpg,6.0
IMG20240120115507.jpg,9.0
IMG20240124122006.jpg,6.0
IMG20240124101518.jpg,6.0
IMG_20240122_122320.jpg,7.0
IMG20240121094335.jpg,7.0
1000212426.jpg,9.0
IMG20240123095254.jpg,6.0
IMG20240120134840.jpg,8.0
IMG20240120115547.jpg,9.0
IMG20240126104910.jpg,5.0
IMG20240124141416.jpg,6.0
IMG_20240125_135501.jpg,5.0
IMG20240120115558.jpg,9.0
IMG_20240122_145326.jpg,7.0
IMG20240123115707.jpg,6.0
IMG20240129143345.jpg,2.0
IMG20240129100515.jpg,2.0
IMG20240120144445.jpg,8.0
IMG20240129105839.jpg,2.0
IMG20240120101937.jpg,8.0
IMG20240124091805.jpg,6.0
IMG_20240122_145545.jpg,7.0
IMG20240129103942.jpg,2.0
IMG20240126110900.jpg,6.0
IMG_20240125_094613.jpg,5.0
IMG20240129112016.jpg,4.0
IMG20240120103451.jpg,9.0
IMG20240129102108.jpg,4.0
IMG_20240128_123224.jpg,3.0
IMG20240123122015.jpg,6.0
IMG20240129094327.jpg,2.0
IMG20240124143139.jpg,6.0
IMG20240119123157.jpg,9.0
IMG_20240125_092640.jpg,6.0
IMG_20240125_120332.jpg,5.0
IMG20240123103525.jpg,6.0
IMG20240123145308.jpg,6.0
IMG20240126144228.jpg,5.0
IMG20240126140423.jpg,6.0
IMG20240121100158.jpg,8.0
IMG20240120130507.jpg,8.0
IMG20240124143332.jpg,6.0
IMG20240124104302.jpg,6.0
IMG_20240125_130903.jpg,6.0
IMG20240121122617.jpg,7.0
IMG20240126090959.jpg,6.0
IMG20240124150722.jpg,6.0
IMG20240127112045.jpg,4.0
IMG20240124104318.jpg,6.0
IMG20240120100131.jpg,9.0
IMG20240123095258.jpg,6.0
IMG20240129143339.jpg,2.0
IMG_20240125_112559.jpg,6.0
IMG_20240125_104949.jpg,5.0
IMG20240129110044.jpg,2.0
IMG20240129122555.jpg,2.0
IMG_20240122_145336.jpg,7.0
IMG_20240122_154255.jpg,7.0
IMG20240123093204.jpg,6.0
IMG_20240125_102612.jpg,6.0
IMG_20240128_092049.jpg,4.0
IMG20240124094919.jpg,6.0
IMG20240129100524.jpg,2.0
IMG20240123143007.jpg,6.0
IMG20240120144722.jpg,8.0
IMG_20240122_094709.jpg,7.0
IMG20240120132132.jpg,8.0
IMG_20240128_123303.jpg,3.0
IMG20240124094911.jpg,6.0
IMG20240123095206.jpg,6.0
IMG_20240122_142114.jpg,6.0
IMG20240124111006.jpg,6.0
IMG20240119120637.jpg,9.0
IMG20240124143119.jpg,6.0
IMG20240121094411.jpg,7.0
IMG_20240125_130713.jpg,6.0
IMG20240126140437.jpg,6.0
IMG20240120151304.jpg,8.0
IMG_20240125_100712.jpg,5.0
IMG_20240128_115015.jpg,4.0
IMG_20240125_120437.jpg,5.0
IMG_20240125_135358.jpg,5.0
IMG20240123121844.jpg,6.0
IMG20240124111054.jpg,6.0
IMG20240123114122.jpg,6.0
IMG20240129103938.jpg,2.0
IMG_20240128_123249.jpg,3.0
IMG20240124111158.jpg,6.0
IMG_20240128_142500.jpg,2.0
IMG_20240128_144347.jpg,3.0
IMG20240124150939.jpg,6.0
IMG20240124101523.jpg,6.0
IMG_20240122_120014.jpg,7.0
IMG_20240125_114749.jpg,5.0
IMG_20240122_101354.jpg,7.0
IMG20240120101855.jpg,8.0
IMG20240129105850.jpg,2.0
IMG20240129141011.jpg,4.0
IMG20240126144140.jpg,5.0
IMG20240124143152.jpg,6.0
IMG20240124141237.jpg,6.0
IMG20240120100305.jpg,9.0
IMG20240121110105.jpg,7.0
IMG20240127134932.jpg,5.0
IMG_20240128_121215.jpg,2.0
IMG20240124141457.jpg,6.0
IMG20240123091103.jpg,7.0
IMG_20240128_091756.jpg,4.0
IMG20240124150850.jpg,6.0
IMG20240129110009.jpg,2.0
IMG20240123140053.jpg,6.0
IMG20240126100351.jpg,6.0
IMG20240120132019.jpg,8.0
IMG20240127134918.jpg,5.0
IMG_20240128_142514.jpg,2.0
IMG20240129111933.jpg,4.0
IMG20240127143321.jpg,4.0
IMG_20240128_140139.jpg,4.0
IMG20240120145846.jpg,8.0
IMG_20240128_105502.jpg,2.0
IMG_20240128_140008.jpg,4.0
IMG20240121094416.jpg,7.0
IMG_20240125_094601.jpg,5.0
IMG20240127141541.jpg,4.0
IMG_20240125_110914.jpg,5.0
IMG20240129111957.jpg,4.0
IMG20240123103440.jpg,6.0
IMG20240123142951.jpg,6.0
IMG_20240125_105030.jpg,5.0
IMG_20240122_115942.jpg,7.0
IMG_20240128_142432.jpg,2.0
IMG_20240128_094540.jpg,2.0
IMG20240124113004.jpg,6.0
IMG_20240128_142243.jpg,2.0
IMG20240124122024.jpg,6.0
IMG_20240125_092813.jpg,6.0
IMG_20240128_092029.jpg,4.0
IMG20240124091812.jpg,6.0
IMG20240123145157.jpg,6.0
IMG20240121144533.jpg,7.0
IMG20240120101919.jpg,8.0
IMG20240126114458.jpg,5.0
IMG20240127114611.jpg,5.0
IMG20240126100304.jpg,6.0
IMG20240123140154.jpg,6.0
IMG20240126100230.jpg,6.0
IMG20240127142342.jpg,4.0
IMG20240121122508.jpg,7.0
IMG20240129110048.jpg,2.0
IMG_20240122_142145.jpg,6.0
IMG_20240122_154548.jpg,7.0
IMG20240124091939.jpg,6.0
IMG20240126101943.jpg,4.0
IMG20240123093220.jpg,6.0
IMG20240121103015.jpg,8.0
IMG20240120134527.jpg,8.0
IMG20240127093024.jpg,5.0
IMG_20240128_144154.jpg,3.0
IMG20240127141627.jpg,4.0
IMG20240129103929.jpg,2.0
IMG20240129100458.jpg,2.0
IMG20240127142242.jpg,4.0
IMG20240120144606.jpg,8.0
IMG20240126112824.jpg,4.0
IMG20240127112129.jpg,4.0
IMG20240129105955.jpg,2.0
IMG20240123095241.jpg,6.0
IMG_20240128_105409.jpg,2.0
IMG_20240128_135937.jpg,4.0
IMG_20240128_142253.jpg,2.0
IMG20240120103505.jpg,9.0
IMG20240120113413.jpg,8.0
IMG_20240122_112806.jpg,7.0
IMG20240121115538.jpg,8.0
IMG20240124113130.jpg,6.0
IMG20240120144529.jpg,8.0
IMG20240124150754.jpg,6.0
IMG20240129111943.jpg,4.0
IMG20240124113140.jpg,6.0
IMG20240129111955.jpg,4.0
IMG20240127103836.jpg,5.0
IMG_20240128_105535.jpg,2.0
IMG_20240128_105351.jpg,2.0
IMG20240119123147.jpg,9.0
IMG_20240122_154359.jpg,7.0
IMG20240119151943.jpg,9.0
IMG_20240125_114719.jpg,5.0
IMG20240127103846.jpg,5.0
IMG20240129101944.jpg,4.0
IMG20240120100241.jpg,9.0
IMG20240119124458.jpg,9.0
IMG20240123091057.jpg,7.0
IMG_20240125_110737.jpg,5.0
IMG20240124104247.jpg,6.0
IMG20240126114534.jpg,5.0
IMG_20240125_102801.jpg,6.0
IMG_20240125_130800.jpg,6.0
IMG20240124101715.jpg,6.0
IMG_20240125_100625.jpg,5.0
IMG20240129111935.jpg,4.0
IMG20240120101934.jpg,8.0
IMG_20240122_101320.jpg,7.0
IMG_20240128_102748.jpg,4.0
IMG20240127122005.jpg,4.0
IMG20240127112115.jpg,4.0
IMG20240119122104.jpg,9.0
IMG20240127104048.jpg,5.0
IMG_20240122_101314.jpg,7.0
IMG20240120101916.jpg,8.0
IMG_20240122_101403.jpg,7.0
IMG20240124150823.jpg,6.0
IMG_20240122_153126.jpg,6.0
IMG20240124111211.jpg,6.0
IMG20240123115734.jpg,6.0
IMG_20240122_122433.jpg,7.0
IMG_20240128_094358.jpg,2.0
IMG20240129100358.jpg,2.0
IMG20240124143421.jpg,6.0
IMG20240129143315.jpg,2.0
IMG_20240125_092728.jpg,6.0
IMG20240129102100.jpg,4.0
IMG20240124122036.jpg,6.0
IMG20240126110851.jpg,6.0
IMG_20240122_145258.jpg,7.0
IMG20240119152257.jpg,9.0
IMG_20240125_120145.jpg,5.0
IMG_20240122_145230.jpg,7.0
IMG20240123140116.jpg,6.0
IMG20240126092535.jpg,4.0
IMG20240119153856.jpg,9.0
IMG_20240125_100856.jpg,5.0
IMG20240127104029.jpg,5.0
IMG20240119160011.jpg,9.0
IMG20240129092457.jpg,4.0
IMG20240120134752.jpg,8.0
1000212431.jpg,9.0
IMG20240127112124.jpg,4.0
IMG20240120125228.jpg,8.0
IMG_20240125_105046.jpg,5.0
IMG20240123091143.jpg,7.0
IMG20240127122125.jpg,4.0
IMG20240123095220.jpg,6.0
IMG_20240122_120022.jpg,7.0
IMG_20240128_121145.jpg,2.0
IMG20240121091411.jpg,8.0
IMG20240119120654.jpg,9.0
IMG_20240128_144255.jpg,3.0
IMG20240123142936.jpg,6.0
IMG20240124124623.jpg,6.0
IMG20240123114023.jpg,6.0
IMG20240126114623.jpg,5.0
1000212464.jpg,9.0
IMG20240127122107.jpg,4.0
IMG20240121100204.jpg,8.0
IMG20240129141035.jpg,4.0
IMG20240126102030.jpg,4.0
IMG20240124091742.jpg,6.0
IMG20240129105828.jpg,2.0
IMG_20240125_132755.jpg,5.0
IMG20240120144539.jpg,8.0
IMG20240124122009.jpg,6.0
IMG20240127142239.jpg,4.0
IMG20240127104106.jpg,5.0
IMG_20240125_094534.jpg,5.0
IMG20240127092807.jpg,5.0
IMG20240121122631.jpg,7.0
IMG20240127120226.jpg,4.0
IMG20240127142249.jpg,4.0
IMG_20240122_145442.jpg,7.0
IMG20240126142259.jpg,4.0
IMG_20240128_094617.jpg,2.0
IMG20240124094855.jpg,6.0
IMG20240120132114.jpg,8.0
IMG20240126112914.jpg,4.0
IMG20240121144629.jpg,7.0
IMG_20240122_145008.jpg,7.0
IMG20240123121854.jpg,6.0
IMG20240120100106.jpg,9.0
IMG20240121141513.jpg,8.0
IMG20240129145425.jpg,2.0
IMG20240120115544.jpg,9.0
IMG20240124141339.jpg,6.0
IMG20240121112446.jpg,8.0
IMG20240121124851.jpg,7.0
IMG20240124094923.jpg,6.0
IMG20240121091420.jpg,8.0
IMG_20240128_105430.jpg,2.0
IMG20240126140353.jpg,6.0
IMG_20240128_100404.jpg,3.0
IMG20240120134850.jpg,8.0
IMG20240121115106.jpg,8.0
IMG_20240122_152927.jpg,6.0
IMG20240124113008.jpg,6.0
IMG20240120145904.jpg,8.0
IMG20240120125244.jpg,8.0
IMG20240127121944.jpg,4.0
IMG20240123091152.jpg,7.0
IMG20240124094907.jpg,6.0
IMG_20240122_135818.jpg,7.0
IMG20240129125610.jpg,2.0
IMG_20240125_135450.jpg,5.0
IMG20240119124749.jpg,9.0
IMG20240119154156.jpg,9.0
IMG20240127143253.jpg,4.0
IMG20240129145502.jpg,2.0
IMG_20240128_111148.jpg,3.0
IMG20240129094341.jpg,2.0
IMG20240126144127.jpg,5.0
IMG20240120115447.jpg,9.0
IMG_20240122_112921.jpg,7.0
IMG20240119122506.jpg,9.0
IMG20240121141702.jpg,8.0
IMG20240121115308.jpg,8.0
IMG_20240122_145103.jpg,7.0
IMG_20240125_135544.jpg,5.0
IMG20240127104043.jpg,5.0
IMG20240120100232.jpg,9.0
IMG20240119154232.jpg,9.0
IMG_20240128_123257.jpg,3.0
IMG20240119124141.jpg,9.0
IMG20240123103341.jpg,6.0
IMG_20240128_091739.jpg,4.0
IMG20240121141427.jpg,8.0
IMG_20240125_114619.jpg,5.0
IMG_20240122_142257.jpg,6.0
IMG_20240125_100828.jpg,5.0
IMG20240121124433.jpg,7.0
IMG_20240122_112753.jpg,7.0
IMG_20240128_110925.jpg,3.0
IMG20240129102014.jpg,4.0
IMG20240126114543.jpg,5.0
IMG20240120113457.jpg,8.0
IMG_20240128_092010.jpg,4.0
IMG20240124115457.jpg,6.0
IMG_20240128_142233.jpg,2.0
IMG20240123140106.jpg,6.0
IMG20240121112802.jpg,8.0
IMG20240120151340.jpg,8.0
IMG_20240125_130927.jpg,6.0
IMG20240127095316.jpg,4.0
IMG20240127112142.jpg,4.0
IMG_20240128_115025.jpg,4.0
IMG20240126105000.jpg,5.0
IMG_20240125_094646.jpg,5.0
1000212421.jpg,9.0
IMG20240123145341.jpg,6.0
IMG_20240122_145239.jpg,7.0
IMG_20240128_100515.jpg,3.0
IMG_20240125_100644.jpg,5.0
IMG20240121144425.jpg,7.0
IMG20240123115712.jpg,6.0
IMG_20240122_113009.jpg,7.0
IMG20240129140914.jpg,4.0
IMG20240129145307.jpg,2.0
IMG20240129092538.jpg,4.0
IMG20240119125319.jpg,9.0
IMG20240123110146.jpg,6.0
IMG20240129125630.jpg,2.0
IMG20240126090952.jpg,6.0
IMG20240127134950.jpg,5.0
IMG20240123114031.jpg,6.0
IMG20240127141446.jpg,4.0
IMG20240121124630.jpg,7.0
IMG20240121112655.jpg,8.0
IMG_20240122_142348.jpg,6.0
IMG_20240128_110918.jpg,3.0
IMG20240120132044.jpg,8.0
IMG20240120145912.jpg,8.0
IMG20240121124732.jpg,7.0
IMG20240129145506.jpg,2.0
IMG20240124141323.jpg,6.0
IMG20240127122028.jpg,4.0
IMG_20240122_094601.jpg,7.0
IMG20240123093157.jpg,6.0
IMG20240127112233.jpg,4.0
IMG_20240125_110711.jpg,5.0
1000212456.jpg,9.0
IMG20240123093130.jpg,6.0
IMG20240123093045.jpg,6.0
IMG20240120134617.jpg,8.0
IMG_20240125_110858.jpg,5.0
IMG_20240125_135406.jpg,5.0
IMG20240121091721.jpg,8.0
IMG20240119120724.jpg,9.0
IMG20240129102007.jpg,4.0
IMG20240120103614.jpg,9.0
IMG20240123114054.jpg,6.0
IMG_20240128_135904.jpg,4.0
IMG20240127101743.jpg,4.0
IMG20240123093111.jpg,6.0
IMG20240126100348.jpg,6.0
IMG_20240125_120418.jpg,5.0
IMG20240129104010.jpg,2.0
IMG_20240128_142332.jpg,2.0
IMG20240121102956.jpg,8.0
IMG_20240122_101213.jpg,7.0
IMG20240123101507.jpg,7.0
IMG_20240125_132909.jpg,5.0
IMG20240121091458.jpg,8.0
IMG20240123140032.jpg,6.0
IMG20240120110735.jpg,9.0
IMG_20240125_110637.jpg,5.0
IMG20240119124210.jpg,9.0
IMG20240124111050.jpg,6.0
IMG20240124101637.jpg,6.0
IMG20240120134834.jpg,8.0
IMG_20240125_102625.jpg,6.0
IMG20240121112509.jpg,8.0
IMG20240126102002.jpg,4.0
IMG20240120151221.jpg,8.0
IMG20240119153925.jpg,9.0
IMG20240121110243.jpg,7.0
IMG20240124111013.jpg,6.0
IMG20240129143207.jpg,2.0
IMG_20240128_144424.jpg,3.0
IMG20240119121445.jpg,9.0
IMG_20240128_115012.jpg,4.0
IMG20240120145927.jpg,8.0
IMG20240127095215.jpg,4.0
1000212432.jpg,9.0
IMG20240124111147.jpg,6.0
IMG20240129145406.jpg,2.0
IMG20240119155936.jpg,9.0
IMG20240127103833.jpg,5.0
IMG20240119124428.jpg,9.0
IMG20240121100341.jpg,8.0
IMG20240126100258.jpg,6.0
IMG20240124124752.jpg,6.0
IMG20240121110235.jpg,7.0
IMG20240129122605.jpg,2.0
1000212466.jpg,9.0
IMG20240121094224.jpg,7.0
IMG_20240125_105013.jpg,5.0
IMG20240124101729.jpg,6.0
IMG20240129104002.jpg,2.0
IMG20240120125317.jpg,8.0
1000212446.jpg,9.0
IMG20240119154125.jpg,9.0
IMG20240129111926.jpg,4.0
IMG20240121122605.jpg,7.0
IMG20240120101952.jpg,8.0
IMG20240119125212.jpg,9.0
IMG20240121141402.jpg,8.0
IMG20240127143449.jpg,4.0
IMG20240121102934.jpg,8.0
IMG_20240122_135732.jpg,7.0
IMG_20240122_145017.jpg,7.0
IMG20240123121903.jpg,6.0
IMG20240127120207.jpg,4.0
IMG20240121100239.jpg,8.0
IMG20240123121913.jpg,6.0
IMG20240121112606.jpg,8.0
IMG20240126102058.jpg,4.0
IMG20240120103508.jpg,9.0
IMG20240124094812.jpg,6.0
1000212444.jpg,9.0
IMG_20240125_110654.jpg,5.0
IMG20240120115510.jpg,9.0
IMG20240126090928.jpg,6.0
IMG_20240125_094604.jpg,5.0
IMG20240126100238.jpg,6.0
IMG20240123095103.jpg,6.0
1000212424.jpg,9.0
IMG20240123121933.jpg,6.0
IMG20240126092604.jpg,4.0
IMG20240123140122.jpg,6.0
IMG20240126102050.jpg,4.0
IMG20240120131929.jpg,8.0
IMG20240120131947.jpg,8.0
IMG20240127142319.jpg,4.0
IMG20240126112839.jpg,4.0
1000212462.jpg,9.0
IMG20240121094330.jpg,7.0
IMG20240127134902.jpg,5.0
IMG_20240122_104835.jpg,7.0
IMG20240126105023.jpg,5.0
IMG20240127120217.jpg,4.0
IMG20240119125309.jpg,9.0
IMG20240127141616.jpg,4.0
IMG20240127114454.jpg,5.0
IMG_20240122_142154.jpg,6.0
IMG_20240125_133000.jpg,5.0
IMG20240119155634.jpg,9.0
IMG_20240125_102720.jpg,6.0
IMG20240129100528.jpg,2.0
IMG20240127134548.jpg,5.0
IMG20240120131856.jpg,8.0
IMG20240127143236.jpg,4.0
IMG20240126094403.jpg,5.0
IMG20240126112811.jpg,4.0
IMG20240119151857.jpg,9.0
IMG_20240125_112522.jpg,6.0
IMG_20240128_102735.jpg,4.0
IMG20240126142408.jpg,4.0
IMG20240120113344.jpg,8.0
IMG_20240122_104703.jpg,7.0
IMG20240129094401.jpg,2.0
IMG_20240128_135942.jpg,4.0
IMG_20240122_094704.jpg,7.0
IMG_20240125_104942.jpg,5.0
IMG20240120113321.jpg,8.0
IMG20240120131834.jpg,8.0
IMG20240124111022.jpg,6.0
IMG20240121110202.jpg,7.0
IMG20240129092512.jpg,4.0
IMG_20240122_135715.jpg,7.0
IMG20240129103949.jpg,2.0
IMG20240126142346.jpg,4.0
IMG20240124111134.jpg,6.0
IMG20240129094250.jpg,2.0
IMG_20240122_101220.jpg,7.0
IMG_20240125_102559.jpg,6.0
IMG20240129125728.jpg,2.0
IMG_20240128_111022.jpg,3.0
IMG_20240128_114925.jpg,4.0
IMG20240120103454.jpg,9.0
IMG20240123093233.jpg,6.0
IMG20240120115609.jpg,9.0
IMG20240127092827.jpg,5.0
IMG20240123093228.jpg,6.0
IMG20240119121203.jpg,9.0
IMG20240127101631.jpg,4.0
IMG20240121144501.jpg,7.0
IMG_20240125_100724.jpg,5.0
IMG_20240128_142535.jpg,2.0
IMG_20240128_115050.jpg,4.0
IMG20240119160041.jpg,9.0
IMG20240121141557.jpg,8.0
IMG20240126140414.jpg,6.0
IMG_20240125_114521.jpg,5.0
IMG20240121091715.jpg,8.0
IMG20240127101802.jpg,4.0
IMG_20240125_114727.jpg,5.0
IMG20240119154044.jpg,9.0
IMG20240119151758.jpg,9.0
IMG20240129141004.jpg,4.0
IMG_20240125_102844.jpg,6.0
IMG20240120113409.jpg,8.0
IMG20240124143235.jpg,6.0
IMG20240127134717.jpg,5.0
IMG20240121103026.jpg,8.0
IMG20240126114600.jpg,5.0
IMG20240127101845.jpg,4.0
IMG20240121115219.jpg,8.0
IMG20240126100250.jpg,6.0
IMG20240124122111.jpg,6.0
IMG_20240122_104555.jpg,7.0
IMG_20240128_102558.jpg,4.0
IMG20240127114410.jpg,5.0
IMG_20240122_094740.jpg,7.0
IMG_20240125_120304.jpg,5.0
IMG20240123110154.jpg,6.0
IMG20240126114549.jpg,5.0
IMG_20240122_154534.jpg,7.0
IMG20240124150730.jpg,6.0
IMG20240129141039.jpg,4.0
IMG20240123095216.jpg,6.0
IMG_20240125_114500.jpg,5.0
IMG20240126104922.jpg,5.0
IMG20240127134727.jpg,5.0
IMG20240124124756.jpg,6.0
IMG_20240122_122254.jpg,7.0
IMG20240120113359.jpg,8.0
IMG_20240125_110853.jpg,5.0
IMG20240123115622.jpg,6.0
IMG20240127134556.jpg,5.0
IMG20240120110812.jpg,9.0
IMG_20240122_142340.jpg,6.0
IMG20240124141525.jpg,6.0
IMG20240129100510.jpg,2.0
IMG20240124115508.jpg,6.0
IMG20240121110401.jpg,7.0
IMG_20240122_145515.jpg,7.0
IMG20240121122553.jpg,7.0
IMG_20240125_114506.jpg,5.0
IMG20240123121936.jpg,6.0
IMG_20240128_142543.jpg,2.0
IMG20240120110849.jpg,9.0
IMG20240123110158.jpg,6.0
IMG20240120110915.jpg,9.0
IMG20240121110138.jpg,7.0
IMG20240124150735.jpg,6.0
IMG20240129103959.jpg,2.0
IMG_20240125_114625.jpg,5.0
IMG20240123145323.jpg,6.0
IMG20240129111916.jpg,4.0
IMG20240124115521.jpg,6.0
IMG20240129145418.jpg,2.0
IMG_20240125_110746.jpg,5.0
IMG20240126110940.jpg,6.0
1000212455.jpg,9.0
IMG20240123140021.jpg,6.0
IMG20240121115040.jpg,8.0
IMG20240121144506.jpg,7.0
IMG_20240125_092824.jpg,6.0
IMG20240120113615.jpg,8.0
1000212453.jpg,9.0
IMG20240127114614.jpg,5.0
IMG20240120144710.jpg,8.0
IMG20240121141343.jpg,8.0
IMG20240121122547.jpg,7.0
IMG20240120151355.jpg,8.0
IMG_20240122_122238.jpg,7.0
IMG20240129094232.jpg,2.0
IMG_20240122_142323.jpg,6.0
IMG20240127112200.jpg,4.0
IMG20240126102025.jpg,4.0
IMG20240121110311.jpg,7.0
IMG20240127095112.jpg,4.0
IMG20240126091028.jpg,6.0
IMG_20240128_100634.jpg,3.0
IMG20240126140456.jpg,6.0
IMG20240119115935.jpg,9.0
IMG_20240122_101125.jpg,7.0
IMG20240121100223.jpg,8.0
IMG_20240122_122546.jpg,7.0
IMG20240126092532.jpg,4.0
IMG20240121091424.jpg,8.0
IMG_20240128_121056.jpg,2.0
IMG20240127114458.jpg,5.0
IMG20240119154101.jpg,9.0
IMG_20240128_105529.jpg,2.0
IMG20240124112947.jpg,6.0
IMG20240120130345.jpg,8.0
IMG_20240128_105517.jpg,2.0
IMG_20240122_094450.jpg,7.0
1000212452.jpg,9.0
IMG20240121124709.jpg,7.0
IMG20240124101800.jpg,6.0
IMG20240119154017.jpg,9.0
IMG20240126142242.jpg,4.0
IMG20240126140356.jpg,6.0
IMG20240126111002.jpg,6.0
IMG20240120101900.jpg,8.0
IMG20240124124639.jpg,6.0
IMG_20240125_100648.jpg,5.0
IMG20240129145438.jpg,2.0
IMG20240124143209.jpg,6.0
IMG20240127112220.jpg,4.0
IMG20240129103836.jpg,2.0
IMG20240123095200.jpg,6.0
IMG20240124124833.jpg,6.0
IMG20240126101950.jpg,4.0
IMG20240121144610.jpg,7.0
IMG_20240122_112839.jpg,7.0
IMG20240127095109.jpg,4.0
1000212419.jpg,9.0
IMG_20240125_094522.jpg,5.0
IMG20240126092613.jpg,4.0
IMG_20240128_105522.jpg,2.0
IMG20240124110956.jpg,6.0
IMG20240120110827.jpg,9.0
IMG20240126100255.jpg,6.0
IMG20240126112917.jpg,4.0
IMG20240127134944.jpg,5.0
IMG20240121100147.jpg,8.0
IMG_20240128_102529.jpg,4.0
IMG20240123095336.jpg,6.0
IMG20240129100351.jpg,2.0
IMG20240124094759.jpg,6.0
IMG20240120150011.jpg,8.0
IMG20240123114035.jpg,6.0
IMG20240121100300.jpg,8.0
IMG20240129140943.jpg,4.0
IMG_20240122_122558.jpg,7.0
IMG20240129122514.jpg,2.0
IMG20240124094834.jpg,6.0
IMG_20240122_112829.jpg,7.0
IMG_20240122_154610.jpg,7.0
IMG20240126114531.jpg,5.0
IMG20240129140907.jpg,4.0
IMG20240120100245.jpg,9.0
IMG20240126100334.jpg,6.0
IMG20240126112904.jpg,4.0
IMG_20240128_094326.jpg,2.0
IMG20240123103451.jpg,6.0
IMG20240124091929.jpg,6.0
IMG20240123142925.jpg,6.0
IMG20240123145245.jpg,6.0
IMG20240123115630.jpg,6.0
IMG20240124091944.jpg,6.0
IMG20240126090943.jpg,6.0
IMG20240120113419.jpg,8.0
IMG_20240128_105358.jpg,2.0
IMG_20240128_102538.jpg,4.0
IMG20240124113052.jpg,6.0
IMG20240126142303.jpg,4.0
IMG20240121100218.jpg,8.0
IMG20240119152158.jpg,9.0
IMG20240127134914.jpg,5.0
IMG20240126090910.jpg,6.0
IMG_20240125_130748.jpg,6.0
IMG20240129143327.jpg,2.0
IMG20240123110128.jpg,6.0
IMG20240123101501.jpg,7.0
IMG_20240122_122628.jpg,7.0
IMG_20240125_130726.jpg,6.0
IMG_20240128_091745.jpg,4.0
IMG20240124124811.jpg,6.0
IMG20240120151309.jpg,8.0
IMG20240120132120.jpg,8.0
IMG20240120144628.jpg,8.0
IMG20240123110248.jpg,6.0
IMG20240120134612.jpg,8.0
IMG20240124091841.jpg,6.0
IMG20240129092501.jpg,4.0
IMG20240120103609.jpg,9.0
IMG20240120103559.jpg,9.0
IMG20240129143218.jpg,2.0
IMG_20240125_135429.jpg,5.0
IMG20240121122525.jpg,7.0
IMG20240120145957.jpg,8.0
IMG20240120134740.jpg,8.0
IMG20240123140042.jpg,6.0
IMG_20240125_110822.jpg,5.0
IMG_20240122_122610.jpg,7.0
IMG20240127114434.jpg,5.0
IMG_20240125_132710.jpg,5.0
IMG20240124101642.jpg,6.0
IMG20240123093241.jpg,6.0
IMG_20240122_154313.jpg,7.0
IMG20240120100142.jpg,9.0
IMG20240127114542.jpg,5.0
IMG_20240122_152724.jpg,6.0
IMG20240123095246.jpg,6.0
IMG_20240122_145115.jpg,7.0
IMG20240127101617.jpg,4.0
IMG_20240122_112758.jpg,7.0
IMG20240120131850.jpg,8.0
IMG20240121124840.jpg,7.0
IMG20240121112756.jpg,8.0
IMG_20240122_104716.jpg,7.0
IMG20240124113158.jpg,6.0
IMG20240126110843.jpg,6.0
IMG_20240125_102840.jpg,6.0
IMG20240126092617.jpg,4.0
IMG20240124111042.jpg,6.0
IMG_20240125_094549.jpg,5.0
IMG20240124143216.jpg,6.0
IMG20240127142323.jpg,4.0
IMG20240119155709.jpg,9.0
IMG_20240122_154300.jpg,7.0
IMG_20240128_094346.jpg,2.0
IMG20240120132038.jpg,8.0
IMG20240119123127.jpg,9.0
IMG_20240122_122541.jpg,7.0
IMG_20240122_135616.jpg,7.0
IMG20240127101817.jpg,4.0
IMG20240123091139.jpg,7.0
IMG20240121094107.jpg,7.0
IMG_20240128_105508.jpg,2.0
1000212450.jpg,9.0
IMG20240126094503.jpg,5.0
IMG20240121115504.jpg,8.0
IMG20240120144641.jpg,8.0
IMG_20240125_112506.jpg,6.0
IMG_20240125_092646.jpg,6.0
IMG_20240128_094516.jpg,2.0
IMG20240121141531.jpg,8.0
IMG20240123121832.jpg,6.0
IMG_20240128_114939.jpg,4.0
IMG20240124143340.jpg,6.0
IMG_20240122_152922.jpg,6.0
IMG20240121115302.jpg,8.0
IMG_20240128_102630.jpg,4.0
IMG20240127122148.jpg,4.0
IMG20240129100336.jpg,2.0
IMG20240120113422.jpg,8.0
IMG20240121112612.jpg,8.0
IMG_20240122_142233.jpg,6.0
IMG20240121124650.jpg,7.0
IMG20240127143404.jpg,4.0
IMG_20240125_094632.jpg,5.0
IMG20240121144446.jpg,7.0
IMG20240121124635.jpg,7.0
IMG20240124124726.jpg,6.0
IMG20240123091128.jpg,7.0
IMG20240120101946.jpg,8.0
IMG_20240128_102717.jpg,4.0
IMG20240129143232.jpg,2.0
IMG20240121110259.jpg,7.0
IMG_20240122_120001.jpg,7.0
IMG20240126142323.jpg,4.0
IMG20240124104222.jpg,6.0
IMG20240127122111.jpg,4.0
IMG20240126094454.jpg,5.0
IMG20240124101746.jpg,6.0
IMG_20240122_145345.jpg,7.0
IMG20240124111137.jpg,6.0
IMG20240124150811.jpg,6.0
IMG20240123101515.jpg,7.0
IMG20240124104151.jpg,6.0
IMG_20240122_135837.jpg,7.0
IMG_20240125_094510.jpg,5.0
IMG_20240128_100339.jpg,3.0
IMG20240126110840.jpg,6.0
IMG20240129092521_aug0.jpg,4.0
IMG20240126142419_aug1.jpg,4.0
IMG20240129112027_aug2.jpg,4.0
IMG_20240128_140145_aug3.jpg,4.0
IMG_20240128_091844_aug4.jpg,4.0
IMG20240126101940_aug5.jpg,4.0
IMG20240126092636_aug6.jpg,4.0
IMG_20240128_102709_aug7.jpg,4.0
IMG_20240128_102616_aug8.jpg,4.0
IMG20240126142357_aug9.jpg,4.0
IMG20240129102116_aug10.jpg,4.0
IMG20240127101729_aug11.jpg,4.0
img20240127142414_aug12.jpg,4.0
IMG_20240128_114944_aug13.jpg,4.0
IMG20240127141624_aug14.jpg,4.0
IMG20240127143327_aug15.jpg,4.0
IMG_20240128_091959_aug16.jpg,4.0
IMG20240127143435_aug17.jpg,4.0
IMG20240127143341_aug18.jpg,4.0
IMG_20240128_140029_aug19.jpg,4.0
IMG20240129141229_aug20.jpg,4.0
IMG20240127120210_aug21.jpg,4.0
IMG20240126102117_aug22.jpg,4.0
IMG20240129112025_aug23.jpg,4.0
IMG_20240128_115033_aug24.jpg,4.0
IMG20240126112751_aug25.jpg,4.0
IMG20240127143359_aug26.jpg,4.0
IMG20240127120320_aug27.jpg,4.0
IMG20240129141024_aug28.jpg,4.0
IMG20240129092601_aug29.jpg,4.0
IMG20240126142403_aug30.jpg,4.0
IMG20240129141046_aug31.jpg,4.0
IMG20240127112230_aug32.jpg,4.0
IMG20240127142403_aug33.jpg,4.0
IMG20240129101956_aug34.jpg,4.0
IMG_20240128_104611_aug35.jpg,4.0
IMG_20240128_140047_aug36.jpg,4.0
IMG20240126092627_aug37.jpg,4.0
IMG20240127141638_aug38.jpg,4.0
IMG20240127141524_aug39.jpg,4.0
IMG20240129112011_aug40.jpg,4.0
IMG20240127121939_aug41.jpg,4.0
IMG20240129092444_aug42.jpg,4.0
IMG_20240128_102625_aug43.jpg,4.0
IMG20240127141536_aug44.jpg,4.0
IMG20240127142334_aug45.jpg,4.0
IMG20240129111950_aug46.jpg,4.0
IMG20240126142253_aug47.jpg,4.0
IMG_20240128_102523_aug48.jpg,4.0
IMG20240127120314_aug49.jpg,4.0
IMG_20240128_091854_aug50.jpg,4.0
IMG20240127095137_aug51.jpg,4.0
IMG20240129102111_aug52.jpg,4.0
IMG20240129140939_aug53.jpg,4.0
IMG20240126112856_aug54.jpg,4.0
IMG20240127101705_aug55.jpg,4.0
IMG20240127101827_aug56.jpg,4.0
IMG20240127095203_aug57.jpg,4.0
IMG20240126142239_aug58.jpg,4.0
IMG20240127142353_aug59.jpg,4.0
IMG20240129141014_aug60.jpg,4.0
IMG20240127095144_aug61.jpg,4.0
IMG20240127120201_aug62.jpg,4.0
IMG20240126092623_aug63.jpg,4.0
IMG20240126142319_aug64.jpg,4.0
IMG20240127143306_aug65.jpg,4.0
IMG20240129141028_aug66.jpg,4.0
IMG20240129140917_aug67.jpg,4.0
IMG20240127111941_aug68.jpg,4.0
IMG_20240128_115005_aug69.jpg,4.0
IMG20240127101649_aug70.jpg,4.0
IMG20240129092535_aug71.jpg,4.0
IMG20240129112004_aug72.jpg,4.0
IMG20240127141606_aug73.jpg,4.0
IMG_20240128_092045_aug74.jpg,4.0
IMG20240127143505_aug75.jpg,4.0
IMG20240129111948_aug76.jpg,4.0
IMG20240127143509_aug77.jpg,4.0
IMG20240127101813_aug78.jpg,4.0
IMG20240127122043_aug79.jpg,4.0
IMG20240127141510_aug80.jpg,4.0
IMG_20240128_135953_aug81.jpg,4.0
IMG20240127095149_aug82.jpg,4.0
IMG20240126112800_aug83.jpg,4.0
IMG20240126142330_aug84.jpg,4.0
IMG20240127101758_aug85.jpg,4.0
IMG20240126142342_aug86.jpg,4.0
IMG20240126103614_aug87.jpg,4.0
IMG20240127143454_aug88.jpg,4.0
IMG_20240128_135921_aug89.jpg,4.0
IMG20240127143240_aug90.jpg,4.0
IMG20240127122138_aug91.jpg,4.0
IMG20240127122024_aug92.jpg,4.0
IMG20240127122057_aug93.jpg,4.0
IMG20240126101954_aug94.jpg,4.0
IMG20240127095122_aug95.jpg,4.0
IMG20240127095327_aug96.jpg,4.0
IMG20240127095056_aug97.jpg,4.0
IMG20240127112059_aug98.jpg,4.0
IMG20240129092427_aug99.jpg,4.0
IMG20240127122039_aug100.jpg,4.0
IMG_20240128_091859_aug101.jpg,4.0
IMG20240127120215_aug102.jpg,4.0
IMG20240127120223_aug103.jpg,4.0
IMG20240129102020_aug104.jpg,4.0
IMG20240127112213_aug105.jpg,4.0
IMG_20240128_140126_aug106.jpg,4.0
IMG_20240128_091802_aug107.jpg,4.0
IMG20240129092545_aug108.jpg,4.0
IMG20240129111913_aug109.jpg,4.0
IMG20240126092607_aug110.jpg,4.0
IMG_20240128_091940_aug111.jpg,4.0
IMG20240126112847_aug112.jpg,4.0
IMG20240129092549_aug113.jpg,4.0
IMG20240127101701_aug114.jpg,4.0
IMG_20240128_115039_aug115.jpg,4.0
IMG20240127142330_aug116.jpg,4.0
IMG20240129092517_aug117.jpg,4.0
IMG20240127142303_aug118.jpg,4.0
IMG20240127101732_aug119.jpg,4.0
IMG20240129102052_aug120.jpg,4.0
IMG20240129140904_aug121.jpg,4.0
IMG20240127141501_aug122.jpg,4.0
IMG20240129101953_aug123.jpg,4.0
IMG20240129092450_aug124.jpg,4.0
IMG20240126142414_aug125.jpg,4.0
IMG_20240128_135958_aug126.jpg,4.0
IMG20240127142419_aug127.jpg,4.0
IMG_20240128_114845_aug128.jpg,4.0
IMG20240129092530_aug129.jpg,4.0
IMG20240126112859_aug130.jpg,4.0
IMG20240127095219_aug131.jpg,4.0
IMG20240127141613_aug132.jpg,4.0
IMG20240126092701_aug133.jpg,4.0
IMG20240127095133_aug134.jpg,4.0
IMG20240127142313_aug135.jpg,4.0
IMG20240127142309_aug136.jpg,4.0
IMG20240126102047_aug137.jpg,4.0
IMG20240126112821_aug138.jpg,4.0
IMG20240129092527_aug139.jpg,4.0
IMG20240129140954_aug140.jpg,4.0
IMG20240129112016_aug141.jpg,4.0
IMG20240129102108_aug142.jpg,4.0
IMG20240127112045_aug143.jpg,4.0
IMG_20240128_092049_aug144.jpg,4.0
IMG_20240128_115015_aug145.jpg,4.0
IMG20240129141011_aug146.jpg,4.0
IMG_20240128_091756_aug147.jpg,4.0
IMG20240129111933_aug148.jpg,4.0
IMG20240127143321_aug149.jpg,4.0
IMG_20240128_140139_aug150.jpg,4.0
IMG_20240128_140008_aug151.jpg,4.0
IMG20240127141541_aug152.jpg,4.0
IMG_20240122_094613_aug0.jpg,7.0
IMG20240121122353_aug1.jpg,7.0
IMG_20240122_120006_aug2.jpg,7.0
IMG_20240122_145636_aug3.jpg,7.0
IMG_20240122_115907_aug4.jpg,7.0
IMG_20240122_154322_aug5.jpg,7.0
IMG20240123091116_aug6.jpg,7.0
IMG_20240122_145432_aug7.jpg,7.0
IMG20240121144600_aug8.jpg,7.0
IMG_20240122_094732_aug9.jpg,7.0
IMG_20240122_154519_aug10.jpg,7.0
IMG_20240122_094514_aug11.jpg,7.0
IMG_20240122_153041_aug12.jpg,7.0
IMG_20240122_144939_aug13.jpg,7.0
IMG_20240122_115412_aug14.jpg,7.0
IMG_20240122_135754_aug15.jpg,7.0
IMG_20240122_094654_aug16.jpg,7.0
IMG_20240122_112849_aug17.jpg,7.0
IMG_20240122_135720_aug18.jpg,7.0
IMG20240123091041_aug19.jpg,7.0
IMG_20240122_115812_aug20.jpg,7.0
IMG_20240122_112640_aug21.jpg,7.0
IMG20240121144518_aug22.jpg,7.0
IMG20240123091157_aug23.jpg,7.0
IMG_20240122_120041_aug24.jpg,7.0
IMG20240121094145_aug25.jpg,7.0
IMG20240121144546_aug26.jpg,7.0
IMG20240121124715_aug27.jpg,7.0
IMG_20240122_112817_aug28.jpg,7.0
IMG_20240122_113030_aug29.jpg,7.0
IMG_20240122_094458_aug30.jpg,7.0
IMG20240121124825_aug31.jpg,7.0
IMG_20240122_104722_aug32.jpg,7.0
IMG_20240122_144920_aug33.jpg,7.0
IMG_20240122_145418_aug34.jpg,7.0
IMG_20240122_122527_aug35.jpg,7.0
IMG_20240122_112726_aug36.jpg,7.0
IMG20240123101409_aug37.jpg,7.0
IMG_20240122_122454_aug38.jpg,7.0
IMG_20240122_101133_aug39.jpg,7.0
IMG20240123091046_aug40.jpg,7.0
IMG_20240122_094630_aug41.jpg,7.0
IMG20240121122457_aug42.jpg,7.0
IMG_20240122_104602_aug43.jpg,7.0
IMG20240121110342_aug44.jpg,7.0
IMG_20240122_101202_aug45.jpg,7.0
IMG_20240122_094530_aug46.jpg,7.0
IMG_20240122_115759_aug47.jpg,7.0
IMG20240121122608_aug48.jpg,7.0
IMG20240123101527_aug49.jpg,7.0
IMG_20240122_101146_aug50.jpg,7.0
IMG_20240122_145538_aug51.jpg,7.0
IMG_20240122_145057_aug52.jpg,7.0
IMG_20240122_145210_aug53.jpg,7.0
IMG20240121094403_aug54.jpg,7.0
IMG20240123101450_aug55.jpg,7.0
IMG20240121122402_aug56.jpg,7.0
IMG20240121122414_aug57.jpg,7.0
IMG20240121122452_aug58.jpg,7.0
IMG_20240122_094620_aug59.jpg,7.0
IMG_20240122_122227_aug60.jpg,7.0
IMG_20240122_104733_aug61.jpg,7.0
IMG20240121110224_aug62.jpg,7.0
IMG20240123091018_aug63.jpg,7.0
IMG_20240122_135532_aug64.jpg,7.0
IMG_20240122_154403_aug65.jpg,7.0
IMG20240121110337_aug66.jpg,7.0
IMG_20240122_145408_aug67.jpg,7.0
IMG_20240122_154528_aug68.jpg,7.0
IMG_20240122_104818_aug69.jpg,7.0
IMG_20240122_122503_aug70.jpg,7.0
IMG_20240122_135520_aug71.jpg,7.0
IMG_20240122_101409_aug72.jpg,7.0
IMG20240123091149_aug73.jpg,7.0
IMG_20240122_145451_aug74.jpg,7.0
IMG_20240122_094509_aug75.jpg,7.0
IMG_20240122_144959_aug76.jpg,7.0
IMG_20240122_115824_aug77.jpg,7.0
IMG_20240122_135443_aug78.jpg,7.0
IMG_20240122_122422_aug79.jpg,7.0
IMG_20240122_104851_aug80.jpg,7.0
IMG20240121144549_aug81.jpg,7.0
IMG_20240122_145618_aug82.jpg,7.0
IMG20240123101418_aug83.jpg,7.0
IMG_20240122_120032_aug84.jpg,7.0
IMG20240121124657_aug85.jpg,7.0
IMG_20240122_154352_aug86.jpg,7.0
IMG20240121124916_aug87.jpg,7.0
IMG_20240122_144932_aug88.jpg,7.0
IMG_20240122_144953_aug89.jpg,7.0
IMG_20240122_115405_aug90.jpg,7.0
IMG_20240122_135739_aug91.jpg,7.0
IMG_20240122_104643_aug92.jpg,7.0
IMG_20240122_115836_aug93.jpg,7.0
IMG20240121144433_aug94.jpg,7.0
IMG_20240122_115926_aug95.jpg,7.0
IMG_20240122_094724_aug96.jpg,7.0
IMG_20240122_154346_aug97.jpg,7.0
IMG_20240122_101330_aug98.jpg,7.0
IMG20240123101457_aug99.jpg,7.0
IMG20240121144450_aug100.jpg,7.0
IMG20240123101447_aug101.jpg,7.0
IMG20240121122340_aug102.jpg,7.0
IMG_20240122_101301_aug103.jpg,7.0
IMG_20240122_101421_aug104.jpg,7.0
IMG20240121094117_aug105.jpg,7.0
IMG20240121124819_aug106.jpg,7.0
IMG_20240122_135604_aug107.jpg,7.0
IMG20240123091053_aug108.jpg,7.0
IMG_20240122_101256_aug109.jpg,7.0
IMG_20240122_145629_aug110.jpg,7.0
IMG_20240122_122320_aug111.jpg,7.0
IMG20240121094335_aug112.jpg,7.0
IMG_20240122_145326_aug113.jpg,7.0
IMG_20240122_145545_aug114.jpg,7.0
IMG20240121122617_aug115.jpg,7.0
IMG_20240122_145336_aug116.jpg,7.0
IMG_20240122_154255_aug117.jpg,7.0
IMG_20240122_094709_aug118.jpg,7.0
IMG20240121094411_aug119.jpg,7.0
IMG_20240122_120014_aug120.jpg,7.0
IMG_20240122_101354_aug121.jpg,7.0
IMG20240121110105_aug122.jpg,7.0
IMG20240123091103_aug123.jpg,7.0
IMG20240121094416_aug124.jpg,7.0
IMG_20240122_115942_aug125.jpg,7.0
IMG20240121144533_aug126.jpg,7.0
IMG20240121122508_aug127.jpg,7.0
IMG_20240122_154548_aug128.jpg,7.0
IMG_20240122_112806_aug129.jpg,7.0
IMG_20240122_154359_aug130.jpg,7.0
IMG20240123091057_aug131.jpg,7.0
IMG_20240122_101320_aug132.jpg,7.0
IMG_20240122_101314_aug133.jpg,7.0
IMG_20240122_101403_aug134.jpg,7.0
IMG_20240122_122433_aug135.jpg,7.0
IMG_20240122_145258_aug136.jpg,7.0
IMG_20240122_145230_aug137.jpg,7.0
IMG20240123091143_aug138.jpg,7.0
IMG_20240122_120022_aug139.jpg,7.0
IMG20240121122631_aug140.jpg,7.0
IMG_20240122_145442_aug141.jpg,7.0
IMG20240121144629_aug142.jpg,7.0
IMG_20240122_145008_aug143.jpg,7.0
IMG20240121124851_aug144.jpg,7.0
IMG20240123091152_aug145.jpg,7.0
IMG_20240122_135818_aug146.jpg,7.0
IMG_20240122_112921_aug147.jpg,7.0
IMG_20240122_145103_aug148.jpg,7.0
IMG20240121124433_aug149.jpg,7.0
IMG_20240122_112753_aug150.jpg,7.0
IMG_20240122_145239_aug151.jpg,7.0
IMG20240121144425_aug152.jpg,7.0
IMG_20240122_113009_aug153.jpg,7.0
IMG20240121124630_aug154.jpg,7.0
IMG20240121124732_aug155.jpg,7.0
IMG_20240122_094601_aug156.jpg,7.0
IMG_20240122_101213_aug157.jpg,7.0
IMG20240123101507_aug158.jpg,7.0
IMG20240121110243_aug159.jpg,7.0
IMG20240121110235_aug160.jpg,7.0
IMG20240121094224_aug161.jpg,7.0
IMG20240121122605_aug162.jpg,7.0
IMG_20240122_135732_aug163.jpg,7.0
IMG_20240122_145017_aug164.jpg,7.0
IMG20240121094330_aug165.jpg,7.0
IMG_20240122_104835_aug166.jpg,7.0
IMG_20240122_104703_aug167.jpg,7.0
IMG_20240122_094704_aug168.jpg,7.0
IMG20240121110202_aug169.jpg,7.0
IMG_20240122_135715_aug170.jpg,7.0
IMG_20240122_101220_aug171.jpg,7.0
IMG20240121144501_aug172.jpg,7.0
IMG_20240122_104555_aug173.jpg,7.0
IMG_20240122_094740_aug174.jpg,7.0
IMG_20240122_154534_aug175.jpg,7.0
IMG_20240122_122254_aug176.jpg,7.0
IMG20240121110401_aug177.jpg,7.0
IMG_20240122_145515_aug178.jpg,7.0
IMG20240121122553_aug179.jpg,7.0
IMG20240121110138_aug180.jpg,7.0
IMG20240121144506_aug181.jpg,7.0
IMG20240121122547_aug182.jpg,7.0
IMG_20240122_122238_aug183.jpg,7.0
IMG20240121110311_aug184.jpg,7.0
IMG_20240122_101125_aug185.jpg,7.0
IMG_20240122_122546_aug186.jpg,7.0
IMG_20240122_094450_aug187.jpg,7.0
IMG20240121124709_aug188.jpg,7.0
IMG20240121144610_aug189.jpg,7.0
IMG_20240122_112839_aug190.jpg,7.0
IMG_20240122_122558_aug191.jpg,7.0
IMG_20240125_135444_aug0.jpg,5.0
IMG20240127104011_aug1.jpg,5.0
IMG20240126144254_aug2.jpg,5.0
IMG_20240125_135527_aug3.jpg,5.0
IMG_20240125_094618_aug4.jpg,5.0
IMG_20240125_110752_aug5.jpg,5.0
IMG20240126114455_aug6.jpg,5.0
IMG_20240125_135600_aug7.jpg,5.0
IMG20240127093020_aug8.jpg,5.0
IMG20240126104917_aug9.jpg,5.0
IMG_20240125_105005_aug10.jpg,5.0
IMG20240126094452_aug11.jpg,5.0
IMG_20240125_135434_aug12.jpg,5.0
IMG_20240125_110834_aug13.jpg,5.0
IMG20240127092837_aug14.jpg,5.0
IMG20240126144326_aug15.jpg,5.0
IMG20240126104906_aug16.jpg,5.0
IMG_20240125_135520_aug17.jpg,5.0
IMG20240126105053_aug18.jpg,5.0
IMG20240127114538_aug19.jpg,5.0
IMG_20240125_114654_aug20.jpg,5.0
IMG20240126104929_aug21.jpg,5.0
IMG20240126114444_aug22.jpg,5.0
IMG_20240125_120452_aug23.jpg,5.0
IMG20240127093013_aug24.jpg,5.0
IMG_20240125_100840_aug25.jpg,5.0
IMG20240126114627_aug26.jpg,5.0
IMG_20240125_120152_aug27.jpg,5.0
IMG20240127134747_aug28.jpg,5.0
IMG_20240125_132803_aug29.jpg,5.0
IMG20240126094551_aug30.jpg,5.0
IMG_20240125_120413_aug31.jpg,5.0
IMG_20240125_120425_aug32.jpg,5.0
IMG20240127092818_aug33.jpg,5.0
IMG20240127134535_aug34.jpg,5.0
IMG20240126114510_aug35.jpg,5.0
IMG_20240125_100904_aug36.jpg,5.0
IMG_20240125_135553_aug37.jpg,5.0
IMG_20240125_132651_aug38.jpg,5.0
IMG20240126094436_aug39.jpg,5.0
IMG_20240125_114642_aug40.jpg,5.0
IMG_20240125_105104_aug41.jpg,5.0
IMG20240126105030_aug42.jpg,5.0
IMG_20240125_132809_aug43.jpg,5.0
IMG_20240125_100808_aug44.jpg,5.0
IMG_20240125_132817_aug45.jpg,5.0
IMG20240126144310_aug46.jpg,5.0
IMG20240126144232_aug47.jpg,5.0
IMG_20240125_135539_aug48.jpg,5.0
IMG20240126105008_aug49.jpg,5.0
IMG_20240125_114607_aug50.jpg,5.0
IMG20240126144202_aug51.jpg,5.0
IMG20240127092813_aug52.jpg,5.0
IMG_20240125_135220_aug53.jpg,5.0
IMG_20240125_094641_aug54.jpg,5.0
IMG20240126144152_aug55.jpg,5.0
IMG20240126104941_aug56.jpg,5.0
IMG20240127134601_aug57.jpg,5.0
IMG_20240125_105126_aug58.jpg,5.0
IMG_20240125_114700_aug59.jpg,5.0
IMG20240126094432_aug60.jpg,5.0
IMG20240127103858_aug61.jpg,5.0
IMG20240126104934_aug62.jpg,5.0
IMG_20240125_094703_aug63.jpg,5.0
IMG_20240125_114558_aug64.jpg,5.0
IMG20240126105050_aug65.jpg,5.0
IMG20240126105044_aug66.jpg,5.0
IMG20240127103843_aug67.jpg,5.0
IMG_20240125_120447_aug68.jpg,5.0
IMG_20240125_094553_aug69.jpg,5.0
IMG20240127114420_aug70.jpg,5.0
IMG20240126144306_aug71.jpg,5.0
IMG20240126144208_aug72.jpg,5.0
IMG_20240125_120214_aug73.jpg,5.0
IMG20240126144220_aug74.jpg,5.0
IMG_20240125_104902_aug75.jpg,5.0
IMG20240127114413_aug76.jpg,5.0
IMG20240126104945_aug77.jpg,5.0
IMG20240126094542_aug78.jpg,5.0
IMG20240126094507_aug79.jpg,5.0
IMG20240126094520_aug80.jpg,5.0
IMG_20240125_100735_aug81.jpg,5.0
IMG20240127114339_aug82.jpg,5.0
IMG_20240125_132940_aug83.jpg,5.0
IMG_20240125_110806_aug84.jpg,5.0
IMG20240127103940_aug85.jpg,5.0
IMG_20240125_120203_aug86.jpg,5.0
IMG_20240125_105041_aug87.jpg,5.0
IMG20240126144241_aug88.jpg,5.0
IMG20240127103946_aug89.jpg,5.0
IMG_20240125_132900_aug90.jpg,5.0
IMG20240127104026_aug91.jpg,5.0
IMG20240126144247_aug92.jpg,5.0
IMG_20240125_105119_aug93.jpg,5.0
IMG_20240125_120339_aug94.jpg,5.0
IMG20240127114351_aug95.jpg,5.0
IMG20240126094557_aug96.jpg,5.0
IMG_20240125_120312_aug97.jpg,5.0
IMG_20240125_094710_aug98.jpg,5.0
IMG_20240125_100845_aug99.jpg,5.0
IMG_20240125_094716_aug100.jpg,5.0
IMG20240126094600_aug101.jpg,5.0
IMG_20240125_100748_aug102.jpg,5.0
IMG_20240125_110641_aug103.jpg,5.0
IMG20240126105033_aug104.jpg,5.0
IMG20240127103955_aug105.jpg,5.0
IMG20240126114617_aug106.jpg,5.0
IMG_20240125_104920_aug107.jpg,5.0
IMG20240126104910_aug108.jpg,5.0
IMG_20240125_135501_aug109.jpg,5.0
IMG_20240125_094613_aug110.jpg,5.0
IMG_20240125_120332_aug111.jpg,5.0
IMG20240126144228_aug112.jpg,5.0
IMG_20240125_104949_aug113.jpg,5.0
IMG_20240125_100712_aug114.jpg,5.0
IMG_20240125_120437_aug115.jpg,5.0
IMG_20240125_135358_aug116.jpg,5.0
IMG_20240125_114749_aug117.jpg,5.0
IMG20240126144140_aug118.jpg,5.0
IMG20240127134932_aug119.jpg,5.0
IMG20240127134918_aug120.jpg,5.0
IMG_20240125_094601_aug121.jpg,5.0
IMG_20240125_110914_aug122.jpg,5.0
IMG_20240125_105030_aug123.jpg,5.0
IMG20240126114458_aug124.jpg,5.0
IMG20240127114611_aug125.jpg,5.0
IMG20240127093024_aug126.jpg,5.0
IMG20240127103836_aug127.jpg,5.0
IMG_20240125_114719_aug128.jpg,5.0
IMG20240127103846_aug129.jpg,5.0
IMG_20240125_110737_aug130.jpg,5.0
IMG20240126114534_aug131.jpg,5.0
IMG_20240125_100625_aug132.jpg,5.0
IMG20240127104048_aug133.jpg,5.0
IMG_20240125_120145_aug134.jpg,5.0
IMG_20240125_100856_aug135.jpg,5.0
IMG20240127104029_aug136.jpg,5.0
IMG_20240125_105046_aug137.jpg,5.0
IMG20240126114623_aug138.jpg,5.0
IMG_20240125_132755_aug139.jpg,5.0
IMG20240127104106_aug140.jpg,5.0
IMG_20240125_094534_aug141.jpg,5.0
IMG20240127092807_aug142.jpg,5.0
IMG_20240125_135450_aug143.jpg,5.0
IMG20240126144127_aug144.jpg,5.0
IMG_20240125_135544_aug145.jpg,5.0
IMG20240127104043_aug146.jpg,5.0
IMG_20240125_114619_aug147.jpg,5.0
IMG_20240125_100828_aug148.jpg,5.0
IMG20240126114543_aug149.jpg,5.0
IMG20240126105000_aug150.jpg,5.0
IMG_20240125_094646_aug151.jpg,5.0
IMG_20240125_100644_aug152.jpg,5.0
IMG20240127134950_aug153.jpg,5.0
IMG_20240125_110711_aug154.jpg,5.0
IMG_20240125_110858_aug155.jpg,5.0
IMG_20240125_135406_aug156.jpg,5.0
IMG_20240125_120418_aug157.jpg,5.0
IMG_20240125_132909_aug158.jpg,5.0
IMG_20240125_110637_aug159.jpg,5.0
IMG20240127103833_aug160.jpg,5.0
IMG_20240125_105013_aug161.jpg,5.0
IMG_20240125_110654_aug162.jpg,5.0
IMG_20240125_094604_aug163.jpg,5.0
IMG20240127134902_aug164.jpg,5.0
IMG20240126105023_aug165.jpg,5.0
IMG20240127114454_aug166.jpg,5.0
IMG_20240125_133000_aug167.jpg,5.0
IMG20240127134548_aug168.jpg,5.0
IMG20240126094403_aug169.jpg,5.0
IMG_20240125_104942_aug170.jpg,5.0
IMG20240127092827_aug171.jpg,5.0
IMG_20240125_100724_aug172.jpg,5.0
IMG_20240125_114521_aug173.jpg,5.0
IMG_20240125_114727_aug174.jpg,5.0
IMG20240127134717_aug175.jpg,5.0
IMG20240126114600_aug176.jpg,5.0
IMG20240127114410_aug177.jpg,5.0
IMG_20240125_120304_aug178.jpg,5.0
IMG20240126114549_aug179.jpg,5.0
IMG_20240125_114500_aug180.jpg,5.0
IMG20240126104922_aug181.jpg,5.0
IMG20240127134727_aug182.jpg,5.0
IMG_20240125_110853_aug183.jpg,5.0
IMG20240127134556_aug184.jpg,5.0
IMG_20240125_114506_aug185.jpg,5.0
IMG_20240125_114625_aug186.jpg,5.0
IMG_20240125_110746_aug187.jpg,5.0
IMG20240127114614_aug188.jpg,5.0
IMG20240127114458_aug189.jpg,5.0
IMG_20240125_100648_aug190.jpg,5.0
IMG_20240125_094522_aug191.jpg,5.0
IMG20240127134944_aug192.jpg,5.0
IMG20240126114531_aug193.jpg,5.0
IMG20240127134914_aug194.jpg,5.0
IMG_20240125_135429_aug195.jpg,5.0
IMG_20240125_110822_aug196.jpg,5.0
IMG20240127114434_aug197.jpg,5.0
IMG_20240125_132710_aug198.jpg,5.0
IMG20240127114542_aug199.jpg,5.0
IMG_20240125_094549_aug200.jpg,5.0
IMG20240126094503_aug201.jpg,5.0
IMG_20240125_094632_aug202.jpg,5.0
IMG20240126094454_aug203.jpg,5.0
IMG20240121100336_aug0.jpg,8.0
IMG20240121115215_aug1.jpg,8.0
IMG20240120130445_aug2.jpg,8.0
IMG20240120145915_aug3.jpg,8.0
IMG20240120145803_aug4.jpg,8.0
IMG20240120130335_aug5.jpg,8.0
IMG20240121091750_aug6.jpg,8.0
IMG20240121102917_aug7.jpg,8.0
IMG20240121103123_aug8.jpg,8.0
IMG20240121100304_aug9.jpg,8.0
IMG20240120101928_aug10.jpg,8.0
IMG20240121115148_aug11.jpg,8.0
IMG20240121091523_aug12.jpg,8.0
IMG20240121141707_aug13.jpg,8.0
IMG20240121100112_aug14.jpg,8.0
IMG20240121141438_aug15.jpg,8.0
IMG20240120113611_aug16.jpg,8.0
IMG20240121141538_aug17.jpg,8.0
IMG20240121141616_aug18.jpg,8.0
IMG20240121103105_aug19.jpg,8.0
IMG20240120101848_aug20.jpg,8.0
IMG20240121141553_aug21.jpg,8.0
IMG20240120145808_aug22.jpg,8.0
IMG20240120113434_aug23.jpg,8.0
IMG20240120144509_aug24.jpg,8.0
IMG20240120113437_aug25.jpg,8.0
IMG20240120113450_aug26.jpg,8.0
IMG20240120144515_aug27.jpg,8.0
IMG20240121103130_aug28.jpg,8.0
IMG20240121112528_aug29.jpg,8.0
IMG20240120101925_aug30.jpg,8.0
IMG20240120102004_aug31.jpg,8.0
IMG20240120151249_aug32.jpg,8.0
IMG20240121091539_aug33.jpg,8.0
IMG20240120102018_aug34.jpg,8.0
IMG20240120144657_aug35.jpg,8.0
IMG20240121112454_aug36.jpg,8.0
IMG20240120144659_aug37.jpg,8.0
IMG20240120134500_aug38.jpg,8.0
IMG20240120151244_aug39.jpg,8.0
IMG20240120113501_aug40.jpg,8.0
IMG20240120134533_aug41.jpg,8.0
IMG20240120151412_aug42.jpg,8.0
IMG20240121100106_aug43.jpg,8.0
IMG20240120130432_aug44.jpg,8.0
IMG20240121115017_aug45.jpg,8.0
IMG20240120101955_aug46.jpg,8.0
IMG20240120151319_aug47.jpg,8.0
IMG20240121141624_aug48.jpg,8.0
IMG20240121100430_aug49.jpg,8.0
IMG20240121102928_aug50.jpg,8.0
IMG20240121091519_aug51.jpg,8.0
IMG20240121141304_aug52.jpg,8.0
IMG20240121115457_aug53.jpg,8.0
IMG20240121112710_aug54.jpg,8.0
IMG20240120134504_aug55.jpg,8.0
IMG20240121141420_aug56.jpg,8.0
IMG20240121100244_aug57.jpg,8.0
IMG20240121102849_aug58.jpg,8.0
IMG20240120125159_aug59.jpg,8.0
IMG20240121091554_aug60.jpg,8.0
IMG20240120151234_aug61.jpg,8.0
IMG20240121091503_aug62.jpg,8.0
IMG20240120134658_aug63.jpg,8.0
IMG20240120145821_aug64.jpg,8.0
IMG20240120150006_aug65.jpg,8.0
IMG20240121112546_aug66.jpg,8.0
IMG20240120145832_aug67.jpg,8.0
IMG20240121115036_aug68.jpg,8.0
IMG20240120131905_aug69.jpg,8.0
IMG20240121091745_aug70.jpg,8.0
IMG20240120151205_aug71.jpg,8.0
IMG20240120131913_aug72.jpg,8.0
IMG20240120144706_aug73.jpg,8.0
IMG20240121100403_aug74.jpg,8.0
IMG20240120132137_aug75.jpg,8.0
IMG20240120132150_aug76.jpg,8.0
IMG20240120132157_aug77.jpg,8.0
IMG20240120144547_aug78.jpg,8.0
IMG20240120134808_aug79.jpg,8.0
IMG20240120134840_aug80.jpg,8.0
IMG20240120144445_aug81.jpg,8.0
IMG20240120101937_aug82.jpg,8.0
IMG20240121100158_aug83.jpg,8.0
IMG20240120130507_aug84.jpg,8.0
IMG20240120144722_aug85.jpg,8.0
IMG20240120132132_aug86.jpg,8.0
IMG20240120151304_aug87.jpg,8.0
IMG20240120101855_aug88.jpg,8.0
IMG20240120132019_aug89.jpg,8.0
IMG20240120145846_aug90.jpg,8.0
IMG20240120101919_aug91.jpg,8.0
IMG20240121103015_aug92.jpg,8.0
IMG20240120134527_aug93.jpg,8.0
IMG20240120144606_aug94.jpg,8.0
IMG20240120113413_aug95.jpg,8.0
IMG20240121115538_aug96.jpg,8.0
IMG20240120144529_aug97.jpg,8.0
IMG20240120101934_aug98.jpg,8.0
IMG20240120101916_aug99.jpg,8.0
IMG20240120134752_aug100.jpg,8.0
IMG20240120125228_aug101.jpg,8.0
IMG20240121091411_aug102.jpg,8.0
IMG20240121100204_aug103.jpg,8.0
IMG20240120144539_aug104.jpg,8.0
IMG20240120132114_aug105.jpg,8.0
IMG20240121141513_aug106.jpg,8.0
IMG20240121112446_aug107.jpg,8.0
IMG20240121091420_aug108.jpg,8.0
IMG20240120134850_aug109.jpg,8.0
IMG20240121115106_aug110.jpg,8.0
IMG20240120145904_aug111.jpg,8.0
IMG20240120125244_aug112.jpg,8.0
IMG20240121141702_aug113.jpg,8.0
IMG20240121115308_aug114.jpg,8.0
IMG20240121141427_aug115.jpg,8.0
IMG20240120113457_aug116.jpg,8.0
IMG20240121112802_aug117.jpg,8.0
IMG20240120151340_aug118.jpg,8.0
IMG20240121112655_aug119.jpg,8.0
IMG20240120132044_aug120.jpg,8.0
IMG20240120145912_aug121.jpg,8.0
IMG20240120134617_aug122.jpg,8.0
IMG20240121091721_aug123.jpg,8.0
IMG20240121102956_aug124.jpg,8.0
IMG20240121091458_aug125.jpg,8.0
IMG20240120134834_aug126.jpg,8.0
IMG20240121112509_aug127.jpg,8.0
IMG20240120151221_aug128.jpg,8.0
IMG20240120145927_aug129.jpg,8.0
IMG20240121100341_aug130.jpg,8.0
IMG20240120125317_aug131.jpg,8.0
IMG20240120101952_aug132.jpg,8.0
IMG20240121141402_aug133.jpg,8.0
IMG20240121102934_aug134.jpg,8.0
IMG20240121100239_aug135.jpg,8.0
IMG20240121112606_aug136.jpg,8.0
IMG20240120131929_aug137.jpg,8.0
IMG20240120131947_aug138.jpg,8.0
IMG20240120131856_aug139.jpg,8.0
IMG20240120113344_aug140.jpg,8.0
IMG20240120113321_aug141.jpg,8.0
IMG20240120131834_aug142.jpg,8.0
IMG20240121141557_aug143.jpg,8.0
IMG20240121091715_aug144.jpg,8.0
IMG20240120113409_aug145.jpg,8.0
IMG20240121103026_aug146.jpg,8.0
IMG20240121115219_aug147.jpg,8.0
IMG20240120113359_aug148.jpg,8.0
IMG20240121115040_aug149.jpg,8.0
IMG20240120113615_aug150.jpg,8.0
IMG20240120144710_aug151.jpg,8.0
IMG20240121141343_aug152.jpg,8.0
IMG20240120151355_aug153.jpg,8.0
IMG20240121100223_aug154.jpg,8.0
IMG20240121091424_aug155.jpg,8.0
IMG20240120130345_aug156.jpg,8.0
IMG20240120101900_aug157.jpg,8.0
IMG20240121100147_aug158.jpg,8.0
IMG20240120150011_aug159.jpg,8.0
IMG20240121100300_aug160.jpg,8.0
IMG20240120113419_aug161.jpg,8.0
IMG20240121100218_aug162.jpg,8.0
IMG20240120151309_aug163.jpg,8.0
IMG20240120132120_aug164.jpg,8.0
IMG20240120144628_aug165.jpg,8.0
IMG20240120134612_aug166.jpg,8.0
IMG20240120145957_aug167.jpg,8.0
IMG20240120134740_aug168.jpg,8.0
IMG20240120131850_aug169.jpg,8.0
IMG20240121112756_aug170.jpg,8.0
IMG20240120132038_aug171.jpg,8.0
IMG20240121115504_aug172.jpg,8.0
IMG20240120144641_aug173.jpg,8.0
IMG20240121141531_aug174.jpg,8.0
IMG20240121115302_aug175.jpg,8.0
IMG20240120113422_aug176.jpg,8.0
IMG20240121112612_aug177.jpg,8.0
IMG20240120101946_aug178.jpg,8.0
IMG20240121100336_aug179.jpg,8.0
IMG20240121115215_aug180.jpg,8.0
IMG20240120130445_aug181.jpg,8.0
IMG20240120145915_aug182.jpg,8.0
IMG20240120145803_aug183.jpg,8.0
IMG20240120130335_aug184.jpg,8.0
IMG20240121091750_aug185.jpg,8.0
IMG20240121102917_aug186.jpg,8.0
IMG20240121103123_aug187.jpg,8.0
IMG20240121100304_aug188.jpg,8.0
IMG20240120101928_aug189.jpg,8.0
IMG20240121115148_aug190.jpg,8.0
IMG20240121091523_aug191.jpg,8.0
IMG20240121141707_aug192.jpg,8.0
IMG20240121100112_aug193.jpg,8.0
IMG20240121141438_aug194.jpg,8.0
IMG20240120113611_aug195.jpg,8.0
IMG20240121141538_aug196.jpg,8.0
IMG20240121141616_aug197.jpg,8.0
IMG20240121103105_aug198.jpg,8.0
IMG20240120101848_aug199.jpg,8.0
IMG20240121141553_aug200.jpg,8.0
IMG20240120145808_aug201.jpg,8.0
IMG20240120113434_aug202.jpg,8.0
IMG20240120144509_aug203.jpg,8.0
IMG20240120113437_aug204.jpg,8.0
IMG20240120113450_aug205.jpg,8.0
IMG20240120144515_aug206.jpg,8.0
IMG20240121103130_aug207.jpg,8.0
IMG20240121112528_aug208.jpg,8.0
IMG20240120101925_aug209.jpg,8.0
IMG20240120102004_aug210.jpg,8.0
IMG20240120151249_aug211.jpg,8.0
IMG20240121091539_aug212.jpg,8.0
IMG20240120102018_aug213.jpg,8.0
IMG20240120144657_aug214.jpg,8.0
IMG20240121112454_aug215.jpg,8.0
IMG20240120144659_aug216.jpg,8.0
IMG20240120134500_aug217.jpg,8.0
IMG20240120151244_aug218.jpg,8.0
IMG20240120113501_aug219.jpg,8.0
IMG20240120134533_aug220.jpg,8.0
IMG20240120151412_aug221.jpg,8.0
IMG20240121100106_aug222.jpg,8.0
IMG20240120130432_aug223.jpg,8.0
IMG20240121115017_aug224.jpg,8.0
IMG20240120101955_aug225.jpg,8.0
IMG20240120151319_aug226.jpg,8.0
IMG20240121141624_aug227.jpg,8.0
IMG20240121100430_aug228.jpg,8.0
IMG20240121102928_aug229.jpg,8.0
IMG20240119122411_aug0.jpg,9.0
1000212430_aug1.jpg,9.0
IMG20240120110931_aug2.jpg,9.0
IMG20240119160102_aug3.jpg,9.0
IMG20240119115920_aug4.jpg,9.0
1000212449_aug5.jpg,9.0
IMG20240119122055_aug6.jpg,9.0
IMG20240119123112_aug7.jpg,9.0
IMG20240120110942_aug8.jpg,9.0
IMG20240119153932_aug9.jpg,9.0
IMG20240119155813_aug10.jpg,9.0
IMG20240119154002_aug11.jpg,9.0
IMG20240119122406_aug12.jpg,9.0
IMG20240119152135_aug13.jpg,9.0
IMG20240119155808_aug14.jpg,9.0
IMG20240120115431_aug15.jpg,9.0
IMG20240119154056_aug16.jpg,9.0
IMG20240120110741_aug17.jpg,9.0
1000212445_aug18.jpg,9.0
IMG20240119122011_aug19.jpg,9.0
IMG20240119152228_aug20.jpg,9.0
IMG20240119152013_aug21.jpg,9.0
IMG20240119153911_aug22.jpg,9.0
1000212417_aug23.jpg,9.0
IMG20240119125241_aug24.jpg,9.0
IMG20240120103546_aug25.jpg,9.0
1000212459_aug26.jpg,9.0
IMG20240119120901_aug27.jpg,9.0
IMG20240120115523_aug28.jpg,9.0
IMG20240120100115_aug29.jpg,9.0
IMG20240119154137_aug30.jpg,9.0
IMG20240119153958_aug31.jpg,9.0
IMG20240120115443_aug32.jpg,9.0
IMG20240120103438_aug33.jpg,9.0
IMG20240120103425_aug34.jpg,9.0
IMG20240120103617_aug35.jpg,9.0
IMG20240120100220_aug36.jpg,9.0
IMG20240119152232_aug37.jpg,9.0
IMG20240120100252_aug38.jpg,9.0
IMG20240119123206_aug39.jpg,9.0
1000212428_aug40.jpg,9.0
IMG20240120110836_aug41.jpg,9.0
1000212454_aug42.jpg,9.0
IMG20240119152210_aug43.jpg,9.0
IMG20240119160057_aug44.jpg,9.0
IMG20240120115350_aug45.jpg,9.0
IMG20240120100113_aug46.jpg,9.0
IMG20240119125332_aug47.jpg,9.0
IMG20240120100216_aug48.jpg,9.0
IMG20240120110920_aug49.jpg,9.0
IMG20240119154012_aug50.jpg,9.0
1000212420_aug51.jpg,9.0
1000212433_aug52.jpg,9.0
IMG20240120100309_aug53.jpg,9.0
IMG20240120103605_aug54.jpg,9.0
IMG20240119121210_aug55.jpg,9.0
IMG20240119123225_aug56.jpg,9.0
IMG20240120110802_aug57.jpg,9.0
IMG20240119122445_aug58.jpg,9.0
IMG20240119124451_aug59.jpg,9.0
IMG20240120100257_aug60.jpg,9.0
1000212422_aug61.jpg,9.0
IMG20240119154037_aug62.jpg,9.0
IMG20240119160024_aug63.jpg,9.0
IMG20240120115531_aug64.jpg,9.0
IMG20240120110822_aug65.jpg,9.0
IMG20240119124758_aug66.jpg,9.0
IMG20240120110758_aug67.jpg,9.0
IMG20240120103549_aug68.jpg,9.0
IMG20240119124439_aug69.jpg,9.0
IMG20240119155736_aug70.jpg,9.0
IMG20240119120224_aug71.jpg,9.0
IMG20240120115456_aug72.jpg,9.0
1000212423_aug73.jpg,9.0
IMG20240120110852_aug74.jpg,9.0
IMG20240120115507_aug75.jpg,9.0
1000212426_aug76.jpg,9.0
IMG20240120115547_aug77.jpg,9.0
IMG20240120115558_aug78.jpg,9.0
IMG20240120103451_aug79.jpg,9.0
IMG20240119123157_aug80.jpg,9.0
IMG20240120100131_aug81.jpg,9.0
IMG20240119120637_aug82.jpg,9.0
IMG20240120100305_aug83.jpg,9.0
IMG20240120103505_aug84.jpg,9.0
IMG20240119123147_aug85.jpg,9.0
IMG20240119151943_aug86.jpg,9.0
IMG20240120100241_aug87.jpg,9.0
IMG20240119124458_aug88.jpg,9.0
IMG20240119122104_aug89.jpg,9.0
IMG20240119152257_aug90.jpg,9.0
IMG20240119153856_aug91.jpg,9.0
IMG20240119160011_aug92.jpg,9.0
1000212431_aug93.jpg,9.0
IMG20240119120654_aug94.jpg,9.0
1000212464_aug95.jpg,9.0
IMG20240120100106_aug96.jpg,9.0
IMG20240120115544_aug97.jpg,9.0
IMG20240119124749_aug98.jpg,9.0
IMG20240119154156_aug99.jpg,9.0
IMG20240120115447_aug100.jpg,9.0
IMG20240119122506_aug101.jpg,9.0
IMG20240120100232_aug102.jpg,9.0
IMG20240119154232_aug103.jpg,9.0
IMG20240119124141_aug104.jpg,9.0
1000212421_aug105.jpg,9.0
IMG20240119125319_aug106.jpg,9.0
1000212456_aug107.jpg,9.0
IMG20240119120724_aug108.jpg,9.0
IMG20240120103614_aug109.jpg,9.0
IMG20240120110735_aug110.jpg,9.0
IMG20240119124210_aug111.jpg,9.0
IMG20240119153925_aug112.jpg,9.0
IMG20240119121445_aug113.jpg,9.0
1000212432_aug114.jpg,9.0
IMG20240119155936_aug115.jpg,9.0
IMG20240119124428_aug116.jpg,9.0
1000212466_aug117.jpg,9.0
1000212446_aug118.jpg,9.0
IMG20240119154125_aug119.jpg,9.0
IMG20240119125212_aug120.jpg,9.0
IMG20240120103508_aug121.jpg,9.0
1000212444_aug122.jpg,9.0
IMG20240120115510_aug123.jpg,9.0
1000212424_aug124.jpg,9.0
1000212462_aug125.jpg,9.0
IMG20240119125309_aug126.jpg,9.0
IMG20240119155634_aug127.jpg,9.0
IMG20240119151857_aug128.jpg,9.0
IMG20240120103454_aug129.jpg,9.0
IMG20240120115609_aug130.jpg,9.0
IMG20240119121203_aug131.jpg,9.0
IMG20240119160041_aug132.jpg,9.0
IMG20240119154044_aug133.jpg,9.0
IMG20240119151758_aug134.jpg,9.0
IMG20240120110812_aug135.jpg,9.0
IMG20240120110849_aug136.jpg,9.0
IMG20240120110915_aug137.jpg,9.0
1000212455_aug138.jpg,9.0
1000212453_aug139.jpg,9.0
IMG20240119115935_aug140.jpg,9.0
IMG20240119154101_aug141.jpg,9.0
1000212452_aug142.jpg,9.0
IMG20240119154017_aug143.jpg,9.0
1000212419_aug144.jpg,9.0
IMG20240120110827_aug145.jpg,9.0
IMG20240120100245_aug146.jpg,9.0
IMG20240119152158_aug147.jpg,9.0
IMG20240120103609_aug148.jpg,9.0
IMG20240120103559_aug149.jpg,9.0
IMG20240120100142_aug150.jpg,9.0
IMG20240119155709_aug151.jpg,9.0
IMG20240119123127_aug152.jpg,9.0
1000212450_aug153.jpg,9.0
IMG20240119122411_aug154.jpg,9.0
1000212430_aug155.jpg,9.0
IMG20240120110931_aug156.jpg,9.0
IMG20240119160102_aug157.jpg,9.0
IMG20240119115920_aug158.jpg,9.0
1000212449_aug159.jpg,9.0
IMG20240119122055_aug160.jpg,9.0
IMG20240119123112_aug161.jpg,9.0
IMG20240120110942_aug162.jpg,9.0
IMG20240119153932_aug163.jpg,9.0
IMG20240119155813_aug164.jpg,9.0
IMG20240119154002_aug165.jpg,9.0
IMG20240119122406_aug166.jpg,9.0
IMG20240119152135_aug167.jpg,9.0
IMG20240119155808_aug168.jpg,9.0
IMG20240120115431_aug169.jpg,9.0
IMG20240119154056_aug170.jpg,9.0
IMG20240120110741_aug171.jpg,9.0
1000212445_aug172.jpg,9.0
IMG20240119122011_aug173.jpg,9.0
IMG20240119152228_aug174.jpg,9.0
IMG20240119152013_aug175.jpg,9.0
IMG20240119153911_aug176.jpg,9.0
1000212417_aug177.jpg,9.0
IMG20240119125241_aug178.jpg,9.0
IMG20240120103546_aug179.jpg,9.0
1000212459_aug180.jpg,9.0
IMG20240119120901_aug181.jpg,9.0
IMG20240120115523_aug182.jpg,9.0
IMG20240120100115_aug183.jpg,9.0
IMG20240119154137_aug184.jpg,9.0
IMG20240119153958_aug185.jpg,9.0
IMG20240120115443_aug186.jpg,9.0
IMG20240120103438_aug187.jpg,9.0
IMG20240120103425_aug188.jpg,9.0
IMG20240120103617_aug189.jpg,9.0
IMG20240120100220_aug190.jpg,9.0
IMG20240119152232_aug191.jpg,9.0
IMG20240120100252_aug192.jpg,9.0
IMG20240119123206_aug193.jpg,9.0
1000212428_aug194.jpg,9.0
IMG20240120110836_aug195.jpg,9.0
1000212454_aug196.jpg,9.0
IMG20240119152210_aug197.jpg,9.0
IMG20240119160057_aug198.jpg,9.0
IMG20240120115350_aug199.jpg,9.0
IMG20240120100113_aug200.jpg,9.0
IMG20240119125332_aug201.jpg,9.0
IMG20240120100216_aug202.jpg,9.0
IMG20240120110920_aug203.jpg,9.0
IMG20240119154012_aug204.jpg,9.0
1000212420_aug205.jpg,9.0
1000212433_aug206.jpg,9.0
IMG20240120100309_aug207.jpg,9.0
IMG20240120103605_aug208.jpg,9.0
IMG20240119121210_aug209.jpg,9.0
IMG20240119123225_aug210.jpg,9.0
IMG20240120110802_aug211.jpg,9.0
IMG20240119122445_aug212.jpg,9.0
IMG20240119124451_aug213.jpg,9.0
IMG20240120100257_aug214.jpg,9.0
1000212422_aug215.jpg,9.0
IMG20240119154037_aug216.jpg,9.0
IMG20240119160024_aug217.jpg,9.0
IMG20240120115531_aug218.jpg,9.0
IMG20240120110822_aug219.jpg,9.0
IMG20240119124758_aug220.jpg,9.0
IMG20240120110758_aug221.jpg,9.0
IMG20240120103549_aug222.jpg,9.0
IMG20240119124439_aug223.jpg,9.0
IMG20240119155736_aug224.jpg,9.0
IMG20240119120224_aug225.jpg,9.0
IMG20240120115456_aug226.jpg,9.0
1000212423_aug227.jpg,9.0
IMG20240120110852_aug228.jpg,9.0
IMG20240120115507_aug229.jpg,9.0
1000212426_aug230.jpg,9.0
IMG20240120115547_aug231.jpg,9.0
IMG20240120115558_aug232.jpg,9.0
IMG20240120103451_aug233.jpg,9.0
IMG20240119123157_aug234.jpg,9.0
IMG20240120100131_aug235.jpg,9.0
IMG20240119120637_aug236.jpg,9.0
IMG20240120100305_aug237.jpg,9.0
IMG20240120103505_aug238.jpg,9.0
IMG20240119123147_aug239.jpg,9.0
IMG20240119151943_aug240.jpg,9.0
IMG20240120100241_aug241.jpg,9.0
IMG20240119124458_aug242.jpg,9.0
IMG20240119122104_aug243.jpg,9.0
IMG20240119152257_aug244.jpg,9.0
IMG20240119153856_aug245.jpg,9.0
IMG20240119160011_aug246.jpg,9.0
1000212431_aug247.jpg,9.0
IMG20240119120654_aug248.jpg,9.0
1000212464_aug249.jpg,9.0
IMG20240120100106_aug250.jpg,9.0
IMG20240120115544_aug251.jpg,9.0
IMG20240119124749_aug252.jpg,9.0
IMG20240119154156_aug253.jpg,9.0
IMG20240120115447_aug254.jpg,9.0
IMG_20240128_094703_aug0.jpg,2.0
IMG20240129124030_aug1.jpg,2.0
IMG20240129122521_aug2.jpg,2.0
IMG_20240128_105445_aug3.jpg,2.0
IMG_20240128_120943_aug4.jpg,2.0
IMG_20240128_142348_aug5.jpg,2.0
IMG20240129122548_aug6.jpg,2.0
IMG_20240128_105450_aug7.jpg,2.0
IMG20240129110004_aug8.jpg,2.0
IMG20240129125613_aug9.jpg,2.0
IMG20240129100439_aug10.jpg,2.0
IMG20240129145442_aug11.jpg,2.0
IMG20240129125620_aug12.jpg,2.0
IMG_20240128_142522_aug13.jpg,2.0
IMG20240129125552_aug14.jpg,2.0
IMG20240129122614_aug15.jpg,2.0
IMG20240129143324_aug16.jpg,2.0
IMG20240129094349_aug17.jpg,2.0
IMG20240129125739_aug18.jpg,2.0
IMG_20240128_105421_aug19.jpg,2.0
IMG_20240128_142316_aug20.jpg,2.0
IMG20240129145414_aug21.jpg,2.0
IMG20240129125634_aug22.jpg,2.0
IMG20240129122527_aug23.jpg,2.0
IMG20240129094351_aug24.jpg,2.0
IMG_20240128_094548_aug25.jpg,2.0
IMG20240129125743_aug26.jpg,2.0
IMG20240129122534_aug27.jpg,2.0
IMG20240129105832_aug28.jpg,2.0
IMG20240129103832_aug29.jpg,2.0
IMG_20240128_094627_aug30.jpg,2.0
IMG20240129125703_aug31.jpg,2.0
IMG20240129145334_aug32.jpg,2.0
IMG20240129122616_aug33.jpg,2.0
IMG_20240128_094745_aug34.jpg,2.0
IMG20240129125645_aug35.jpg,2.0
IMG_20240128_105554_aug36.jpg,2.0
IMG_20240128_121000_aug37.jpg,2.0
IMG20240129122633_aug38.jpg,2.0
IMG20240129122538_aug39.jpg,2.0
IMG_20240128_094310_aug40.jpg,2.0
IMG20240129105929_aug41.jpg,2.0
IMG20240129100501_aug42.jpg,2.0
IMG_20240128_121035_aug43.jpg,2.0
IMG20240129100408_aug44.jpg,2.0
IMG20240129094330_aug45.jpg,2.0
IMG20240129145402_aug46.jpg,2.0
IMG20240129100348_aug47.jpg,2.0
IMG20240129143312_aug48.jpg,2.0
IMG20240129100451_aug49.jpg,2.0
IMG_20240128_094755_aug50.jpg,2.0
IMG20240129094245_aug51.jpg,2.0
IMG20240129122545_aug52.jpg,2.0
IMG20240129145325_aug53.jpg,2.0
IMG_20240128_094735_aug54.jpg,2.0
IMG20240129094236_aug55.jpg,2.0
IMG_20240128_120921_aug56.jpg,2.0
IMG_20240128_094634_aug57.jpg,2.0
IMG_20240128_094727_aug58.jpg,2.0
IMG_20240128_121117_aug59.jpg,2.0
IMG20240129110016_aug60.jpg,2.0
IMG20240129143226_aug61.jpg,2.0
IMG20240129143240_aug62.jpg,2.0
IMG_20240128_121040_aug63.jpg,2.0
IMG_20240128_121027_aug64.jpg,2.0
IMG_20240128_105436_aug65.jpg,2.0
IMG_20240128_121015_aug66.jpg,2.0
IMG20240129125623_aug67.jpg,2.0
IMG20240129105900_aug68.jpg,2.0
IMG20240129105911_aug69.jpg,2.0
IMG20240129103914_aug70.jpg,2.0
IMG20240129105941_aug71.jpg,2.0
IMG_20240128_121131_aug72.jpg,2.0
IMG20240129105918_aug73.jpg,2.0
IMG20240129125653_aug74.jpg,2.0
IMG20240129100425_aug75.jpg,2.0
IMG20240129100412_aug76.jpg,2.0
IMG20240129145450_aug77.jpg,2.0
IMG20240129143345_aug78.jpg,2.0
IMG20240129100515_aug79.jpg,2.0
IMG20240129105839_aug80.jpg,2.0
IMG20240129103942_aug81.jpg,2.0
IMG20240129094327_aug82.jpg,2.0
IMG20240129143339_aug83.jpg,2.0
IMG20240129110044_aug84.jpg,2.0
IMG20240129122555_aug85.jpg,2.0
IMG20240129100524_aug86.jpg,2.0
IMG20240129103938_aug87.jpg,2.0
IMG_20240128_142500_aug88.jpg,2.0
IMG20240129105850_aug89.jpg,2.0
IMG_20240128_121215_aug90.jpg,2.0
IMG20240129110009_aug91.jpg,2.0
IMG_20240128_142514_aug92.jpg,2.0
IMG_20240128_105502_aug93.jpg,2.0
IMG_20240128_142432_aug94.jpg,2.0
IMG_20240128_094540_aug95.jpg,2.0
IMG_20240128_142243_aug96.jpg,2.0
IMG20240129110048_aug97.jpg,2.0
IMG20240129103929_aug98.jpg,2.0
IMG20240129100458_aug99.jpg,2.0
IMG20240129105955_aug100.jpg,2.0
IMG_20240128_105409_aug101.jpg,2.0
IMG_20240128_142253_aug102.jpg,2.0
IMG_20240128_105535_aug103.jpg,2.0
IMG_20240128_105351_aug104.jpg,2.0
IMG_20240128_094358_aug105.jpg,2.0
IMG20240129100358_aug106.jpg,2.0
IMG20240129143315_aug107.jpg,2.0
IMG_20240128_121145_aug108.jpg,2.0
IMG20240129105828_aug109.jpg,2.0
IMG_20240128_094617_aug110.jpg,2.0
IMG20240129145425_aug111.jpg,2.0
IMG_20240128_105430_aug112.jpg,2.0
IMG20240129125610_aug113.jpg,2.0
IMG20240129145502_aug114.jpg,2.0
IMG20240129094341_aug115.jpg,2.0
IMG_20240128_142233_aug116.jpg,2.0
IMG20240129145307_aug117.jpg,2.0
IMG20240129125630_aug118.jpg,2.0
IMG20240129145506_aug119.jpg,2.0
IMG20240129104010_aug120.jpg,2.0
IMG_20240128_142332_aug121.jpg,2.0
IMG20240129143207_aug122.jpg,2.0
IMG20240129145406_aug123.jpg,2.0
IMG20240129122605_aug124.jpg,2.0
IMG20240129104002_aug125.jpg,2.0
IMG20240129100528_aug126.jpg,2.0
IMG20240129094401_aug127.jpg,2.0
IMG20240129103949_aug128.jpg,2.0
IMG20240129094250_aug129.jpg,2.0
IMG20240129125728_aug130.jpg,2.0
IMG_20240128_142535_aug131.jpg,2.0
IMG20240129100510_aug132.jpg,2.0
IMG_20240128_142543_aug133.jpg,2.0
IMG20240129103959_aug134.jpg,2.0
IMG20240129145418_aug135.jpg,2.0
IMG20240129094232_aug136.jpg,2.0
IMG_20240128_121056_aug137.jpg,2.0
IMG_20240128_105529_aug138.jpg,2.0
IMG_20240128_105517_aug139.jpg,2.0
IMG20240129145438_aug140.jpg,2.0
IMG20240129103836_aug141.jpg,2.0
IMG_20240128_105522_aug142.jpg,2.0
IMG20240129100351_aug143.jpg,2.0
IMG20240129122514_aug144.jpg,2.0
IMG_20240128_094326_aug145.jpg,2.0
IMG_20240128_105358_aug146.jpg,2.0
IMG20240129143327_aug147.jpg,2.0
IMG20240129143218_aug148.jpg,2.0
IMG_20240128_094346_aug149.jpg,2.0
IMG_20240128_105508_aug150.jpg,2.0
IMG_20240128_094516_aug151.jpg,2.0
IMG20240129100336_aug152.jpg,2.0
IMG20240129143232_aug153.jpg,2.0
IMG_20240128_094703_aug154.jpg,2.0
IMG20240129124030_aug155.jpg,2.0
IMG20240129122521_aug156.jpg,2.0
IMG_20240128_105445_aug157.jpg,2.0
IMG_20240128_120943_aug158.jpg,2.0
IMG_20240128_142348_aug159.jpg,2.0
IMG20240129122548_aug160.jpg,2.0
IMG_20240128_105450_aug161.jpg,2.0
IMG20240129110004_aug162.jpg,2.0
IMG20240129125613_aug163.jpg,2.0
IMG20240129100439_aug164.jpg,2.0
IMG20240129145442_aug165.jpg,2.0
IMG20240129125620_aug166.jpg,2.0
IMG_20240128_142522_aug167.jpg,2.0
IMG20240129125552_aug168.jpg,2.0
IMG20240129122614_aug169.jpg,2.0
IMG20240129143324_aug170.jpg,2.0
IMG20240129094349_aug171.jpg,2.0
IMG20240129125739_aug172.jpg,2.0
IMG_20240128_105421_aug173.jpg,2.0
IMG_20240128_142316_aug174.jpg,2.0
IMG20240129145414_aug175.jpg,2.0
IMG20240129125634_aug176.jpg,2.0
IMG20240129122527_aug177.jpg,2.0
IMG20240129094351_aug178.jpg,2.0
IMG_20240128_094548_aug179.jpg,2.0
IMG20240129125743_aug180.jpg,2.0
IMG20240129122534_aug181.jpg,2.0
IMG20240129105832_aug182.jpg,2.0
IMG20240129103832_aug183.jpg,2.0
IMG_20240128_094627_aug184.jpg,2.0
IMG20240129125703_aug185.jpg,2.0
IMG20240129145334_aug186.jpg,2.0
IMG20240129122616_aug187.jpg,2.0
IMG_20240128_094745_aug188.jpg,2.0
IMG20240129125645_aug189.jpg,2.0
IMG_20240128_105554_aug190.jpg,2.0
IMG_20240128_121000_aug191.jpg,2.0
IMG20240129122633_aug192.jpg,2.0
IMG20240129122538_aug193.jpg,2.0
IMG_20240128_094310_aug194.jpg,2.0
IMG20240129105929_aug195.jpg,2.0
IMG20240129100501_aug196.jpg,2.0
IMG_20240128_121035_aug197.jpg,2.0
IMG20240129100408_aug198.jpg,2.0
IMG20240129094330_aug199.jpg,2.0
IMG20240129145402_aug200.jpg,2.0
IMG20240129100348_aug201.jpg,2.0
IMG20240129143312_aug202.jpg,2.0
IMG20240129100451_aug203.jpg,2.0
IMG_20240128_094755_aug204.jpg,2.0
IMG20240129094245_aug205.jpg,2.0
IMG20240129122545_aug206.jpg,2.0
IMG20240129145325_aug207.jpg,2.0
IMG_20240128_094735_aug208.jpg,2.0
IMG20240129094236_aug209.jpg,2.0
IMG_20240128_120921_aug210.jpg,2.0
IMG_20240128_094634_aug211.jpg,2.0
IMG_20240128_094727_aug212.jpg,2.0
IMG_20240128_121117_aug213.jpg,2.0
IMG20240129110016_aug214.jpg,2.0
IMG20240129143226_aug215.jpg,2.0
IMG20240129143240_aug216.jpg,2.0
IMG_20240128_121040_aug217.jpg,2.0
IMG_20240128_121027_aug218.jpg,2.0
IMG_20240128_105436_aug219.jpg,2.0
IMG_20240128_121015_aug220.jpg,2.0
IMG20240129125623_aug221.jpg,2.0
IMG20240129105900_aug222.jpg,2.0
IMG20240129105911_aug223.jpg,2.0
IMG20240129103914_aug224.jpg,2.0
IMG20240129105941_aug225.jpg,2.0
IMG_20240128_121131_aug226.jpg,2.0
IMG20240129105918_aug227.jpg,2.0
IMG20240129125653_aug228.jpg,2.0
IMG20240129100425_aug229.jpg,2.0
IMG20240129100412_aug230.jpg,2.0
IMG20240129145450_aug231.jpg,2.0
IMG20240129143345_aug232.jpg,2.0
IMG20240129100515_aug233.jpg,2.0
IMG20240129105839_aug234.jpg,2.0
IMG20240129103942_aug235.jpg,2.0
IMG20240129094327_aug236.jpg,2.0
IMG20240129143339_aug237.jpg,2.0
IMG20240129110044_aug238.jpg,2.0
IMG20240129122555_aug239.jpg,2.0
IMG20240129100524_aug240.jpg,2.0
IMG20240129103938_aug241.jpg,2.0
IMG_20240128_142500_aug242.jpg,2.0
IMG20240129105850_aug243.jpg,2.0
IMG_20240128_121215_aug244.jpg,2.0
IMG20240129110009_aug245.jpg,2.0
IMG_20240128_142514_aug246.jpg,2.0
IMG_20240128_105502_aug247.jpg,2.0
IMG_20240128_142432_aug248.jpg,2.0
IMG_20240128_094540_aug249.jpg,2.0
IMG_20240128_142243_aug250.jpg,2.0
IMG20240129110048_aug251.jpg,2.0
IMG20240129103929_aug252.jpg,2.0
IMG20240129100458_aug253.jpg,2.0
IMG20240129105955_aug254.jpg,2.0
IMG_20240128_144216_aug0.jpg,3.0
IMG_20240128_123319_aug1.jpg,3.0
IMG_20240128_100408_aug2.jpg,3.0
IMG_20240128_100329_aug3.jpg,3.0
IMG_20240128_100651_aug4.jpg,3.0
IMG_20240128_144431_aug5.jpg,3.0
IMG_20240128_144412_aug6.jpg,3.0
IMG_20240128_100618_aug7.jpg,3.0
IMG_20240128_123410_aug8.jpg,3.0
IMG_20240128_100428_aug9.jpg,3.0
IMG_20240128_111117_aug10.jpg,3.0
IMG_20240128_123518_aug11.jpg,3.0
IMG_20240128_144132_aug12.jpg,3.0
IMG_20240128_111157_aug13.jpg,3.0
IMG_20240128_111055_aug14.jpg,3.0
IMG_20240128_100348_aug15.jpg,3.0
IMG_20240128_144447_aug16.jpg,3.0
IMG_20240128_123237_aug17.jpg,3.0
IMG_20240128_111041_aug18.jpg,3.0
IMG_20240128_144356_aug19.jpg,3.0
IMG_20240128_100534_aug20.jpg,3.0
IMG_20240128_100446_aug21.jpg,3.0
IMG_20240128_111139_aug22.jpg,3.0
IMG_20240128_144328_aug23.jpg,3.0
IMG_20240128_123350_aug24.jpg,3.0
IMG_20240128_144142_aug25.jpg,3.0
IMG_20240128_123203_aug26.jpg,3.0
IMG_20240128_100529_aug27.jpg,3.0
IMG_20240128_123207_aug28.jpg,3.0
IMG_20240128_111030_aug29.jpg,3.0
IMG_20240128_144336_aug30.jpg,3.0
IMG_20240128_144207_aug31.jpg,3.0
IMG_20240128_123224_aug32.jpg,3.0
IMG_20240128_123303_aug33.jpg,3.0
IMG_20240128_123249_aug34.jpg,3.0
IMG_20240128_144347_aug35.jpg,3.0
IMG_20240128_144154_aug36.jpg,3.0
IMG_20240128_144255_aug37.jpg,3.0
IMG_20240128_100404_aug38.jpg,3.0
IMG_20240128_111148_aug39.jpg,3.0
IMG_20240128_123257_aug40.jpg,3.0
IMG_20240128_110925_aug41.jpg,3.0
IMG_20240128_100515_aug42.jpg,3.0
IMG_20240128_110918_aug43.jpg,3.0
IMG_20240128_144424_aug44.jpg,3.0
IMG_20240128_111022_aug45.jpg,3.0
IMG_20240128_100634_aug46.jpg,3.0
IMG_20240128_100339_aug47.jpg,3.0
IMG_20240128_144216_aug48.jpg,3.0
IMG_20240128_123319_aug49.jpg,3.0
IMG_20240128_100408_aug50.jpg,3.0
IMG_20240128_100329_aug51.jpg,3.0
IMG_20240128_100651_aug52.jpg,3.0
IMG_20240128_144431_aug53.jpg,3.0
IMG_20240128_144412_aug54.jpg,3.0
IMG_20240128_100618_aug55.jpg,3.0
IMG_20240128_123410_aug56.jpg,3.0
IMG_20240128_100428_aug57.jpg,3.0
IMG_20240128_111117_aug58.jpg,3.0
IMG_20240128_123518_aug59.jpg,3.0
IMG_20240128_144132_aug60.jpg,3.0
IMG_20240128_111157_aug61.jpg,3.0
IMG_20240128_111055_aug62.jpg,3.0
IMG_20240128_100348_aug63.jpg,3.0
IMG_20240128_144447_aug64.jpg,3.0
IMG_20240128_123237_aug65.jpg,3.0
IMG_20240128_111041_aug66.jpg,3.0
IMG_20240128_144356_aug67.jpg,3.0
IMG_20240128_100534_aug68.jpg,3.0
IMG_20240128_100446_aug69.jpg,3.0
IMG_20240128_111139_aug70.jpg,3.0
IMG_20240128_144328_aug71.jpg,3.0
IMG_20240128_123350_aug72.jpg,3.0
IMG_20240128_144142_aug73.jpg,3.0
IMG_20240128_123203_aug74.jpg,3.0
IMG_20240128_100529_aug75.jpg,3.0
IMG_20240128_123207_aug76.jpg,3.0
IMG_20240128_111030_aug77.jpg,3.0
IMG_20240128_144336_aug78.jpg,3.0
IMG_20240128_144207_aug79.jpg,3.0
IMG_20240128_123224_aug80.jpg,3.0
IMG_20240128_123303_aug81.jpg,3.0
IMG_20240128_123249_aug82.jpg,3.0
IMG_20240128_144347_aug83.jpg,3.0
IMG_20240128_144154_aug84.jpg,3.0
IMG_20240128_144255_aug85.jpg,3.0
IMG_20240128_100404_aug86.jpg,3.0
IMG_20240128_111148_aug87.jpg,3.0
IMG_20240128_123257_aug88.jpg,3.0
IMG_20240128_110925_aug89.jpg,3.0
IMG_20240128_100515_aug90.jpg,3.0
IMG_20240128_110918_aug91.jpg,3.0
IMG_20240128_144424_aug92.jpg,3.0
IMG_20240128_111022_aug93.jpg,3.0
IMG_20240128_100634_aug94.jpg,3.0
IMG_20240128_100339_aug95.jpg,3.0
IMG_20240128_144216_aug96.jpg,3.0
IMG_20240128_123319_aug97.jpg,3.0
IMG_20240128_100408_aug98.jpg,3.0
IMG_20240128_100329_aug99.jpg,3.0
IMG_20240128_100651_aug100.jpg,3.0
IMG_20240128_144431_aug101.jpg,3.0
IMG_20240128_144412_aug102.jpg,3.0
IMG_20240128_100618_aug103.jpg,3.0
IMG_20240128_123410_aug104.jpg,3.0
IMG_20240128_100428_aug105.jpg,3.0
IMG_20240128_111117_aug106.jpg,3.0
IMG_20240128_123518_aug107.jpg,3.0
IMG_20240128_144132_aug108.jpg,3.0
IMG_20240128_111157_aug109.jpg,3.0
IMG_20240128_111055_aug110.jpg,3.0
IMG_20240128_100348_aug111.jpg,3.0
IMG_20240128_144447_aug112.jpg,3.0
IMG_20240128_123237_aug113.jpg,3.0
IMG_20240128_111041_aug114.jpg,3.0
IMG_20240128_144356_aug115.jpg,3.0
IMG_20240128_100534_aug116.jpg,3.0
IMG_20240128_100446_aug117.jpg,3.0
IMG_20240128_111139_aug118.jpg,3.0
IMG_20240128_144328_aug119.jpg,3.0
IMG_20240128_123350_aug120.jpg,3.0
IMG_20240128_144142_aug121.jpg,3.0
IMG_20240128_123203_aug122.jpg,3.0
IMG_20240128_100529_aug123.jpg,3.0
IMG_20240128_123207_aug124.jpg,3.0
IMG_20240128_111030_aug125.jpg,3.0
IMG_20240128_144336_aug126.jpg,3.0
IMG_20240128_144207_aug127.jpg,3.0
IMG_20240128_123224_aug128.jpg,3.0
IMG_20240128_123303_aug129.jpg,3.0
IMG_20240128_123249_aug130.jpg,3.0
IMG_20240128_144347_aug131.jpg,3.0
IMG_20240128_144154_aug132.jpg,3.0
IMG_20240128_144255_aug133.jpg,3.0
IMG_20240128_100404_aug134.jpg,3.0
IMG_20240128_111148_aug135.jpg,3.0
IMG_20240128_123257_aug136.jpg,3.0
IMG_20240128_110925_aug137.jpg,3.0
IMG_20240128_100515_aug138.jpg,3.0
IMG_20240128_110918_aug139.jpg,3.0
IMG_20240128_144424_aug140.jpg,3.0
IMG_20240128_111022_aug141.jpg,3.0
IMG_20240128_100634_aug142.jpg,3.0
IMG_20240128_100339_aug143.jpg,3.0
IMG_20240128_144216_aug144.jpg,3.0
IMG_20240128_123319_aug145.jpg,3.0
IMG_20240128_100408_aug146.jpg,3.0
IMG_20240128_100329_aug147.jpg,3.0
IMG_20240128_100651_aug148.jpg,3.0
IMG_20240128_144431_aug149.jpg,3.0
IMG_20240128_144412_aug150.jpg,3.0
IMG_20240128_100618_aug151.jpg,3.0
IMG_20240128_123410_aug152.jpg,3.0
IMG_20240128_100428_aug153.jpg,3.0
IMG_20240128_111117_aug154.jpg,3.0
IMG_20240128_123518_aug155.jpg,3.0
IMG_20240128_144132_aug156.jpg,3.0
IMG_20240128_111157_aug157.jpg,3.0
IMG_20240128_111055_aug158.jpg,3.0
IMG_20240128_100348_aug159.jpg,3.0
IMG_20240128_144447_aug160.jpg,3.0
IMG_20240128_123237_aug161.jpg,3.0
IMG_20240128_111041_aug162.jpg,3.0
IMG_20240128_144356_aug163.jpg,3.0
IMG_20240128_100534_aug164.jpg,3.0
IMG_20240128_100446_aug165.jpg,3.0
IMG_20240128_111139_aug166.jpg,3.0
IMG_20240128_144328_aug167.jpg,3.0
IMG_20240128_123350_aug168.jpg,3.0
IMG_20240128_144142_aug169.jpg,3.0
IMG_20240128_123203_aug170.jpg,3.0
IMG_20240128_100529_aug171.jpg,3.0
IMG_20240128_123207_aug172.jpg,3.0
IMG_20240128_111030_aug173.jpg,3.0
IMG_20240128_144336_aug174.jpg,3.0
IMG_20240128_144207_aug175.jpg,3.0
IMG_20240128_123224_aug176.jpg,3.0
IMG_20240128_123303_aug177.jpg,3.0
IMG_20240128_123249_aug178.jpg,3.0
IMG_20240128_144347_aug179.jpg,3.0
IMG_20240128_144154_aug180.jpg,3.0
IMG_20240128_144255_aug181.jpg,3.0
IMG_20240128_100404_aug182.jpg,3.0
IMG_20240128_111148_aug183.jpg,3.0
IMG_20240128_123257_aug184.jpg,3.0
IMG_20240128_110925_aug185.jpg,3.0
IMG_20240128_100515_aug186.jpg,3.0
IMG_20240128_110918_aug187.jpg,3.0
IMG_20240128_144424_aug188.jpg,3.0
IMG_20240128_111022_aug189.jpg,3.0
IMG_20240128_100634_aug190.jpg,3.0
IMG_20240128_100339_aug191.jpg,3.0
IMG_20240128_144216_aug192.jpg,3.0
IMG_20240128_123319_aug193.jpg,3.0
IMG_20240128_100408_aug194.jpg,3.0
IMG_20240128_100329_aug195.jpg,3.0
IMG_20240128_100651_aug196.jpg,3.0
IMG_20240128_144431_aug197.jpg,3.0
IMG_20240128_144412_aug198.jpg,3.0
IMG_20240128_100618_aug199.jpg,3.0
IMG_20240128_123410_aug200.jpg,3.0
IMG_20240128_100428_aug201.jpg,3.0
IMG_20240128_111117_aug202.jpg,3.0
IMG_20240128_123518_aug203.jpg,3.0
IMG_20240128_144132_aug204.jpg,3.0
IMG_20240128_111157_aug205.jpg,3.0
IMG_20240128_111055_aug206.jpg,3.0
IMG_20240128_100348_aug207.jpg,3.0
IMG_20240128_144447_aug208.jpg,3.0
IMG_20240128_123237_aug209.jpg,3.0
IMG_20240128_111041_aug210.jpg,3.0
IMG_20240128_144356_aug211.jpg,3.0
IMG_20240128_100534_aug212.jpg,3.0
IMG_20240128_100446_aug213.jpg,3.0
IMG_20240128_111139_aug214.jpg,3.0
IMG_20240128_144328_aug215.jpg,3.0
IMG_20240128_123350_aug216.jpg,3.0
IMG_20240128_144142_aug217.jpg,3.0
IMG_20240128_123203_aug218.jpg,3.0
IMG_20240128_100529_aug219.jpg,3.0
IMG_20240128_123207_aug220.jpg,3.0
IMG_20240128_111030_aug221.jpg,3.0
IMG_20240128_144336_aug222.jpg,3.0
IMG_20240128_144207_aug223.jpg,3.0
IMG_20240128_123224_aug224.jpg,3.0
IMG_20240128_123303_aug225.jpg,3.0
IMG_20240128_123249_aug226.jpg,3.0
IMG_20240128_144347_aug227.jpg,3.0
IMG_20240128_144154_aug228.jpg,3.0
IMG_20240128_144255_aug229.jpg,3.0
IMG_20240128_100404_aug230.jpg,3.0
IMG_20240128_111148_aug231.jpg,3.0
IMG_20240128_123257_aug232.jpg,3.0
IMG_20240128_110925_aug233.jpg,3.0
IMG_20240128_100515_aug234.jpg,3.0
IMG_20240128_110918_aug235.jpg,3.0
IMG_20240128_144424_aug236.jpg,3.0
IMG_20240128_111022_aug237.jpg,3.0
IMG_20240128_100634_aug238.jpg,3.0
IMG_20240128_100339_aug239.jpg,3.0
IMG_20240128_144216_aug240.jpg,3.0
IMG_20240128_123319_aug241.jpg,3.0
IMG_20240128_100408_aug242.jpg,3.0
IMG_20240128_100329_aug243.jpg,3.0
IMG_20240128_100651_aug244.jpg,3.0
IMG_20240128_144431_aug245.jpg,3.0
IMG_20240128_144412_aug246.jpg,3.0
IMG_20240128_100618_aug247.jpg,3.0
IMG_20240128_123410_aug248.jpg,3.0
IMG_20240128_100428_aug249.jpg,3.0
IMG_20240128_111117_aug250.jpg,3.0
IMG_20240128_123518_aug251.jpg,3.0
IMG_20240128_144132_aug252.jpg,3.0
IMG_20240128_111157_aug253.jpg,3.0
IMG_20240128_111055_aug254.jpg,3.0
IMG_20240128_100348_aug255.jpg,3.0
IMG_20240128_144447_aug256.jpg,3.0
IMG_20240128_123237_aug257.jpg,3.0
IMG_20240128_111041_aug258.jpg,3.0
IMG_20240128_144356_aug259.jpg,3.0
IMG_20240128_100534_aug260.jpg,3.0
IMG_20240128_100446_aug261.jpg,3.0
IMG_20240128_111139_aug262.jpg,3.0
IMG_20240128_144328_aug263.jpg,3.0
IMG_20240128_123350_aug264.jpg,3.0
IMG_20240128_144142_aug265.jpg,3.0
IMG_20240128_123203_aug266.jpg,3.0
IMG_20240128_100529_aug267.jpg,3.0
IMG_20240128_123207_aug268.jpg,3.0
IMG_20240128_111030_aug269.jpg,3.0
IMG_20240128_144336_aug270.jpg,3.0
IMG_20240128_144207_aug271.jpg,3.0
IMG_20240128_123224_aug272.jpg,3.0
IMG_20240128_123303_aug273.jpg,3.0
IMG_20240128_123249_aug274.jpg,3.0
IMG_20240128_144347_aug275.jpg,3.0
IMG_20240128_144154_aug276.jpg,3.0
IMG_20240128_144255_aug277.jpg,3.0
IMG_20240128_100404_aug278.jpg,3.0
IMG_20240128_111148_aug279.jpg,3.0
IMG_20240128_123257_aug280.jpg,3.0
IMG_20240128_110925_aug281.jpg,3.0
IMG_20240128_100515_aug282.jpg,3.0
IMG_20240128_110918_aug283.jpg,3.0
IMG_20240128_144424_aug284.jpg,3.0
IMG_20240128_111022_aug285.jpg,3.0
IMG_20240128_100634_aug286.jpg,3.0
IMG_20240128_100339_aug287.jpg,3.0
IMG_20240128_144216_aug288.jpg,3.0
IMG_20240128_123319_aug289.jpg,3.0
IMG_20240128_100408_aug290.jpg,3.0
IMG_20240128_100329_aug291.jpg,3.0
IMG_20240128_100651_aug292.jpg,3.0
IMG_20240128_144431_aug293.jpg,3.0
IMG_20240128_144412_aug294.jpg,3.0
IMG_20240128_100618_aug295.jpg,3.0
IMG_20240128_123410_aug296.jpg,3.0
IMG_20240128_100428_aug297.jpg,3.0
IMG_20240128_111117_aug298.jpg,3.0
IMG_20240128_123518_aug299.jpg,3.0
IMG_20240128_144132_aug300.jpg,3.0
IMG_20240128_111157_aug301.jpg,3.0
IMG_20240128_111055_aug302.jpg,3.0
IMG_20240128_100348_aug303.jpg,3.0
IMG_20240128_144447_aug304.jpg,3.0
IMG_20240128_123237_aug305.jpg,3.0
IMG_20240128_111041_aug306.jpg,3.0
IMG_20240128_144356_aug307.jpg,3.0
IMG_20240128_100534_aug308.jpg,3.0
IMG_20240128_100446_aug309.jpg,3.0
IMG_20240128_111139_aug310.jpg,3.0
IMG_20240128_144328_aug311.jpg,3.0
IMG_20240128_123350_aug312.jpg,3.0
IMG_20240128_144142_aug313.jpg,3.0
IMG_20240128_123203_aug314.jpg,3.0
IMG_20240128_100529_aug315.jpg,3.0
IMG_20240128_123207_aug316.jpg,3.0
IMG_20240128_111030_aug317.jpg,3.0
IMG_20240128_144336_aug318.jpg,3.0
IMG_20240128_144207_aug319.jpg,3.0
IMG_20240128_123224_aug320.jpg,3.0
IMG_20240128_123303_aug321.jpg,3.0
IMG_20240128_123249_aug322.jpg,3.0
IMG_20240128_144347_aug323.jpg,3.0
IMG_20240128_144154_aug324.jpg,3.0
IMG_20240128_144255_aug325.jpg,3.0
IMG_20240128_100404_aug326.jpg,3.0
IMG_20240128_111148_aug327.jpg,3.0
IMG_20240128_123257_aug328.jpg,3.0
IMG_20240128_110925_aug329.jpg,3.0
IMG_20240128_100515_aug330.jpg,3.0
IMG_20240128_110918_aug331.jpg,3.0
IMG_20240128_144424_aug332.jpg,3.0
IMG_20240128_111022_aug333.jpg,3.0
IMG_20240128_100634_aug334.jpg,3.0
IMG_20240128_100339_aug335.jpg,3.0
IMG_20240128_144216_aug336.jpg,3.0
IMG_20240128_123319_aug337.jpg,3.0
IMG_20240128_100408_aug338.jpg,3.0
IMG_20240128_100329_aug339.jpg,3.0
IMG_20240128_100651_aug340.jpg,3.0
IMG_20240128_144431_aug341.jpg,3.0
IMG_20240128_144412_aug342.jpg,3.0
IMG_20240128_100618_aug343.jpg,3.0
IMG_20240128_123410_aug344.jpg,3.0
IMG_20240128_100428_aug345.jpg,3.0
IMG_20240128_111117_aug346.jpg,3.0
IMG_20240128_123518_aug347.jpg,3.0
IMG_20240128_144132_aug348.jpg,3.0
IMG_20240128_111157_aug349.jpg,3.0
IMG_20240128_111055_aug350.jpg,3.0
IMG_20240128_100348_aug351.jpg,3.0
IMG_20240128_144447_aug352.jpg,3.0
IMG_20240128_123237_aug353.jpg,3.0
IMG_20240128_111041_aug354.jpg,3.0
IMG_20240128_144356_aug355.jpg,3.0
IMG_20240128_100534_aug356.jpg,3.0
IMG_20240128_100446_aug357.jpg,3.0
IMG_20240128_111139_aug358.jpg,3.0
IMG_20240128_144328_aug359.jpg,3.0
IMG_20240128_123350_aug360.jpg,3.0
